outcome,month,mmwr_week,age_group,vaccine_product,one_boosted_with_outcome,one_booster_population,two_boosted_with_outcome,two_booster_population,vaccinated_with_outcome,fully_vaccinated_population,unvaccinated_with_outcome,unvaccinated_population,crude_one_booster_ir,crude_two_booster_ir,crude_vax_ir,crude_unvax_ir,crude_irr,crude_one_booster_irr,crude_two_booster_irr,crude_one_two_booster_irr,age_adj_one_booster_ir,age_adj_two_booster_ir,age_adj_vax_ir,age_adj_unvax_ir,age_adj_one_booster_irr,age_adj_two_booster_irr,age_adj_vax_irr,age_adj_one_two_booster_irr,continuity_correction
case,MAR 2022,202213,50-64,all_types,"9,456","16,833,128",89,"175,807","4,272","14,915,165","5,178","6,258,819.05",56.17494265,50.6236953,28.64198955,82.73126222,2.888460737,1.472743154,1.63423989,1.109657095,,,,,,,,,1
case,MAR 2022,202213,65+,all_types,"8,497","19,712,573",138,"325,768","2,787","10,201,163","3,829","2,925,296.85",43.10446942,42.36143513,27.32041435,130.892699,4.791021736,3.036638677,3.089902374,1.017540347,,,,,,,,,1
case,MAR 2022,202213,all_ages,Janssen,807,"1,996,405",6,"26,780",680,"2,500,857","9,007","9,184,115.9",40.42265973,22.40477969,27.19067904,98.07149755,3.606805752,2.426151525,4.377257841,1.804198046,39.25860671,18.52947472,27.80301769,104.7570983,2.668385535,5.653538476,3.767831946,2.118711259,1
case,MAR 2022,202213,all_ages,Moderna,"7,407","16,427,853",100,"221,352","2,684","10,398,464","9,007","9,184,115.9",45.08805868,45.17691279,25.81150447,98.07149755,3.79952659,2.175110227,2.170832213,0.998033196,47.00008354,49.91298568,25.80632925,104.7570983,2.22887047,2.098794469,4.059356806,0.941640395,1
case,MAR 2022,202213,all_ages,Pfizer,"9,722","18,082,006",120,"247,654","3,688","12,193,852","9,007","9,184,115.9",53.76615847,48.45469889,30.24474957,98.07149755,3.242595788,1.824037654,2.023983221,1.109617017,54.46117156,48.41864101,30.18399416,104.7570983,1.923519,2.163569569,3.470617498,1.124797607,1
case,MAR 2022,202213,all_ages,all_types,"17,953","36,545,701",227,"501,575","7,059","25,116,328","9,007","9,184,115.9",49.12479309,45.25743907,28.10522303,98.07149755,3.489440289,1.996374771,2.166969665,1.085452339,50.19737803,46.84508735,28.037589,104.7570983,2.086903786,2.236245126,3.736309077,1.0715612,1
case,APR 2022,202214,50-64,all_types,"13,092","16,905,600",149,"187,504","5,591","14,848,807","6,545","6,235,676.05",77.44179444,79.46497141,37.65285656,104.960552,2.787585367,1.355347622,1.320840492,0.974540015,,,,,,,,,1
case,APR 2022,202214,65+,all_types,"12,120","19,738,429",284,"358,355","3,356","10,152,777","4,619","2,901,265.85",61.40306303,79.25102203,33.05499569,159.2063685,4.81640869,2.592808251,2.00888726,0.774792065,,,,,,,,,1
case,APR 2022,202214,all_ages,Janssen,978,"2,005,589",5,"28,043",812,"2,492,399","11,164","9,136,941.9",48.76372976,17.82976144,32.57905335,122.1853014,3.750425161,2.505659473,6.852884815,2.734962547,47.75682459,18.28411199,33.30000041,129.7689784,2.717286577,7.097362918,3.89696627,2.611930217,1
case,APR 2022,202214,all_ages,Moderna,"10,264","16,468,469",184,"240,209","3,460","10,349,128","11,164","9,136,941.9",62.3251621,76.59996087,33.43276844,122.1853014,3.654657006,1.960448995,1.595109188,0.81364483,64.56480199,76.51536241,33.42379887,129.7689784,2.009902832,1.695985934,3.882532291,0.843814888,1
case,APR 2022,202214,all_ages,Pfizer,"13,950","18,130,535",244,"271,711","4,668","12,136,994","11,164","9,136,941.9",76.94202074,89.80129623,38.46092369,122.1853014,3.176868616,1.588017838,1.36061846,0.856803008,77.87038822,91.38223438,37.9966816,129.7689784,1.666474014,1.420067908,3.415271359,0.852139245,1
case,APR 2022,202214,all_ages,all_types,"25,212","36,644,029",433,"545,859","8,947","25,001,584","11,164","9,136,941.9",68.80247802,79.32451421,35.78573262,122.1853014,3.414357971,1.775885185,1.540322089,0.867354546,70.10674606,79.36712521,35.55010098,129.7689784,1.851019847,1.63504698,3.650312511,0.88332223,1
case,APR 2022,202215,50-64,all_types,"17,794","16,900,157",304,"294,338","7,398","14,768,505","8,279","6,210,876.05",105.2889627,103.2826207,50.09308661,133.2984258,2.661014419,1.266024684,1.290618159,1.019425747,,,,,,,,,1
case,APR 2022,202215,65+,all_types,"16,496","19,582,254",525,"628,343","4,520","10,060,913","5,971","2,876,304.85",84.23953647,83.55309123,44.92634018,207.5927383,4.620735574,2.464314822,2.484560837,1.008215677,,,,,,,,,1
case,APR 2022,202215,all_ages,Janssen,"1,310","2,006,555",21,"38,717","1,105","2,482,806","14,250","9,087,180.9",65.28602505,54.23973965,44.50609512,156.8143097,3.523434471,2.401958299,2.891133157,1.203656682,62.95381837,52.61717743,44.88135222,167.2757001,2.65711762,3.179108197,3.727064622,1.196449932,1
case,APR 2022,202215,all_ages,Moderna,"14,017","16,388,519",351,"417,989","4,639","10,268,794","14,250","9,087,180.9",85.52938798,83.9735017,45.17570418,156.8143097,3.471208973,1.8334553,1.867426111,1.018528301,88.26535165,90.37780299,45.15443301,167.2757001,1.895145682,1.850849374,3.704524427,0.976626436,1
case,APR 2022,202215,all_ages,Pfizer,"18,919","18,048,035",455,"459,824","6,161","12,054,845","14,250","9,087,180.9",104.8258162,98.95090295,51.10808144,156.8143097,3.068287936,1.49595124,1.58476886,1.059372003,106.0191415,103.377722,50.74931741,167.2757001,1.577787725,1.618102013,3.29611724,1.025551148,1
case,APR 2022,202215,all_ages,all_types,"34,290","36,482,411",829,"922,681","11,918","24,829,418","14,250","9,087,180.9",93.9904986,89.84687015,47.99951413,156.8143097,3.266997855,1.668405978,1.745350833,1.046118785,95.66235597,94.25964689,47.73016064,167.2757001,1.748605273,1.774626848,3.504612133,1.014881332,1
case,APR 2022,202216,50-64,all_types,"20,489","16,697,099",632,"617,717","8,811","14,679,637","9,949","6,188,944.05",122.709939,102.3122239,60.02192016,160.754402,2.678261569,1.31003571,1.571214034,1.199367332,,,,,,,,,1
case,APR 2022,202216,65+,all_types,"20,768","18,824,433","1,282","1,590,239","5,846","9,916,483","7,319","2,852,653.85",110.3247041,80.61681294,58.95235236,256.5681076,4.352126715,2.325572589,3.182563268,1.368507387,,,,,,,,,1
case,APR 2022,202216,all_ages,Janssen,"1,632","1,987,253",43,"71,380","1,346","2,471,245","17,268","9,041,597.9",82.12341358,60.24096386,54.46647338,190.983941,3.506449549,2.325572364,3.170333421,1.363248665,80.59703262,60.57705398,55.8592801,204.5732146,2.538222661,3.377074341,3.662295938,1.330487822,1
case,APR 2022,202216,all_ages,Moderna,"16,975","15,940,165",815,"1,019,579","5,528","10,157,082","17,268","9,041,597.9",106.4919968,79.93495355,54.42507996,190.983941,3.509116407,1.793411212,2.389241909,1.332233173,108.3142251,88.15695024,54.40782143,204.5732146,1.888701272,2.320556848,3.759996435,1.228652134,1
case,APR 2022,202216,all_ages,Pfizer,"22,612","17,555,996","1,055","1,109,428","7,759","11,945,033","17,268","9,041,597.9",128.7993003,95.09404847,64.95586911,190.983941,2.940210695,1.482802629,2.008369021,1.354441233,129.287333,100.2291489,64.93430238,204.5732146,1.582314446,2.04105509,3.150464502,1.289917497,1
case,APR 2022,202216,all_ages,all_types,"41,257","35,521,532","1,914","2,207,956","14,657","24,596,120","17,268","9,041,597.9",116.1464545,86.68651006,59.59069967,190.983941,3.204928656,1.644337245,2.203156418,1.339844624,117.0457568,92.39018674,59.53277103,204.5732146,1.747805476,2.21423099,3.436312657,1.266863516,1
case,APR 2022,202217,50-64,all_types,"26,452","16,471,058","1,212","960,685","11,137","14,593,655","12,421","6,167,566.05",160.5968481,126.1599796,76.31398714,201.3922494,2.638995247,1.254023673,1.596324365,1.272961906,,,,,,,,,1
case,APR 2022,202217,65+,all_types,"25,520","18,022,054","2,361","2,592,190","7,015","9,778,273","9,235","2,831,730",141.6042811,91.08128648,71.74068468,326.1257253,4.54589647,2.303078147,3.580600778,1.55470225,,,,,,,,,1
case,APR 2022,202217,all_ages,Janssen,"2,033","1,966,062",71,"105,661","1,679","2,459,906","21,656","8,999,296.05",103.4046739,67.1960326,68.25464062,240.6410444,3.525636384,2.327177634,3.58117935,1.53885088,100.5420531,65.96225362,69.04819837,258.4370403,2.570437267,3.917953468,3.74284987,1.524236175,1
case,APR 2022,202217,all_ages,Moderna,"21,322","15,459,956","1,529","1,646,973","6,797","10,051,300","21,656","8,999,296.05",137.9175982,92.83698033,67.62309353,240.6410444,3.558563085,1.744817539,2.592081771,1.485589016,140.5480816,103.5718246,67.5581991,258.4370403,1.838780277,2.495244641,3.825398601,1.357010771,1
case,APR 2022,202217,all_ages,Pfizer,"28,571","17,030,392","1,970","1,791,013","9,656","11,838,192","21,656","8,999,296.05",167.7647819,109.9936181,81.56650948,240.6410444,2.950243254,1.434395477,2.187772786,1.52522287,168.3869682,119.8735508,81.41079685,258.4370403,1.53478053,2.155913783,3.174481154,1.404704934,1
case,APR 2022,202217,all_ages,all_types,"51,972","34,493,112","3,573","3,552,875","18,152","24,371,928","21,656","8,999,296.05",150.6735606,100.5664427,74.47913025,240.6410444,3.230986231,1.597101996,2.392856285,1.498248885,151.9109119,110.1173198,74.22246295,258.4370403,1.701240793,2.346924541,3.481924879,1.379536953,1
case,MAY 2022,202218,50-64,all_types,"34,540","16,271,090","2,103","1,262,452","14,720","14,519,264","16,344","6,147,265.05",212.2783415,166.5805908,101.3825494,265.8743338,2.622486171,1.252479796,1.596070302,1.274328183,,,,,,,,,1
case,MAY 2022,202218,65+,all_types,"31,695","17,374,815","3,811","3,404,253","8,595","9,664,524","11,548","2,814,052.3",182.4192085,111.9482013,88.93350568,410.369061,4.614335822,2.249593474,3.66570482,1.629496557,,,,,,,,,1
case,MAY 2022,202218,all_ages,Janssen,"2,687","1,948,211",152,"135,132","2,149","2,449,859","27,892","8,961,317.35",137.9214058,112.4826096,87.71933405,311.2488813,3.548235798,2.256711925,2.767084462,1.226157593,135.445361,110.0323782,88.2852713,331.956606,2.450852532,3.016899311,3.760045148,1.230959134,1
case,MAY 2022,202218,all_ages,Moderna,"27,309","15,063,453","2,431","2,165,919","8,828","9,963,990","27,892","8,961,317.35",181.293094,112.238731,88.59904516,311.2488813,3.513004917,1.716827015,2.773096938,1.6152454,185.4272575,127.5670376,88.45740291,331.956606,1.790225506,2.602213019,3.752728376,1.453567168,1
case,MAY 2022,202218,all_ages,Pfizer,"36,146","16,598,613","3,320","2,355,155","12,309","11,747,591","27,892","8,961,317.35",217.7651832,140.9673673,104.7789287,311.2488813,2.970529333,1.429286706,2.207949876,1.544791446,218.5872294,155.7100599,103.7998945,331.956606,1.518645929,2.131889271,3.198043769,1.403809295,1
case,MAY 2022,202218,all_ages,all_types,"66,235","33,645,905","5,914","4,666,705","23,315","24,183,788","27,892","8,961,317.35",196.8590234,126.7275305,96.4075603,311.2488813,3.228469638,1.581075004,2.45604787,1.553403769,198.6227612,141.5953716,95.68918529,331.956606,1.67129187,2.344402944,3.469113098,1.402748967,1
case,MAY 2022,202219,50-64,all_types,"42,133","16,077,673","3,086","1,552,817","18,131","14,448,334","20,466","6,127,123.05",262.0590679,198.7355883,125.4885165,334.0229963,2.661781377,1.274609572,1.680740723,1.318631807,,,,,,,,,1
case,MAY 2022,202219,65+,all_types,"38,439","16,807,449","5,564","4,119,252","10,679","9,561,314","14,215","2,797,022.3",228.7021665,135.0730667,111.6896694,508.2190442,4.550277987,2.222187275,3.762549091,1.693173718,,,,,,,,,1
case,MAY 2022,202219,all_ages,Janssen,"3,249","1,932,054",223,"162,273","2,530","2,440,462","34,681","8,924,145.35",168.1630017,137.4227382,103.6688955,388.6198469,3.748663909,2.31097116,2.827915176,1.223691245,165.0591833,134.0904993,105.6248207,413.688676,2.506305118,3.085145316,3.91658583,1.230953603,1
case,MAY 2022,202219,all_ages,Moderna,"33,394","14,705,411","3,604","2,636,430","10,964","9,882,601","34,681","8,924,145.35",227.0864786,136.7000072,110.9424533,388.6198469,3.502895739,1.711329751,2.842866324,1.661203121,231.5795936,157.573,110.7344783,413.688676,1.786377934,2.625377926,3.735861516,1.469665447,1
case,MAY 2022,202219,all_ages,Pfizer,"43,842","16,212,955","4,814","2,861,798","15,273","11,664,373","34,681","8,924,145.35",270.4133824,168.2159258,130.9371708,388.6198469,2.9679872,1.437132451,2.310244081,1.607537343,271.1656932,182.8248245,129.83103,413.688676,1.52559371,2.262759869,3.186362121,1.483199527,1
case,MAY 2022,202219,all_ages,all_types,"80,572","32,885,122","8,650","5,672,069","28,810","24,009,648","34,681","8,924,145.35",245.0104944,152.5016709,119.9934293,388.6198469,3.238676061,1.586135516,2.548298944,1.60660859,246.8038411,169.6205876,119.1778422,413.688676,1.676184107,2.438906042,3.471187835,1.455034702,1
case,MAY 2022,202220,50-64,all_types,"45,199","15,888,780","3,940","1,831,310","19,930","14,384,142","23,987","6,105,526.05",284.4711803,215.1465344,138.5553619,392.8736001,2.835499073,1.38106644,1.826074499,1.322220602,,,,,,,,,1
case,MAY 2022,202220,65+,all_types,"40,808","16,316,063","7,050","4,739,172","11,928","9,473,282","16,387","2,780,220.3",250.1093554,148.7601632,125.9120123,589.4137238,4.681155617,2.356624057,3.962174491,1.681292559,,,,,,,,,1
case,MAY 2022,202220,all_ages,Janssen,"3,512","1,916,576",303,"187,960","2,848","2,431,720","40,374","8,885,746.35",183.2434508,161.2045116,117.1187472,454.3681353,3.87955085,2.47958731,2.818582004,1.136714159,178.9362647,157.3765299,119.0999688,482.757973,2.69793255,3.067534743,4.053384546,1.136994601,1
case,MAY 2022,202220,all_ages,Moderna,"35,761","14,381,725","4,685","3,059,539","12,373","9,812,411","40,374","8,885,746.35",248.6558462,153.1276444,126.0954112,454.3681353,3.603367727,1.827297215,2.967250865,1.623846871,252.6747175,174.0299325,125.8868268,482.757973,1.91059073,2.77399391,3.834856952,1.451903784,1
case,MAY 2022,202220,all_ages,Pfizer,"46,628","15,872,681","5,990","3,310,421","16,601","11,591,218","40,374","8,885,746.35",293.7625975,180.9437531,143.2204968,454.3681353,3.172507746,1.54671881,2.511101531,1.62350229,294.5129163,196.0053534,142.1308446,482.757973,1.639174197,2.46298361,3.396574292,1.50257588,1
case,MAY 2022,202220,all_ages,all_types,"86,007","32,204,843","10,990","6,570,482","31,858","23,857,424","40,374","8,885,746.35",267.0623173,167.2632236,133.5349533,454.3681353,3.40261575,1.701356222,2.716485582,1.596658916,268.7563684,184.7858262,132.7731352,482.757973,1.796266172,2.61252707,3.635961238,1.454420904,1
case,MAY 2022,202221,50-64,all_types,"44,979","15,699,110","4,551","2,109,966","20,228","14,319,404","24,424","6,083,931.05",286.5066873,215.6906794,141.2628626,401.4509665,2.841871947,1.401192308,1.861234652,1.328322059,,,,,,,,,1
case,MAY 2022,202221,65+,all_types,"40,666","15,868,521","7,997","5,308,378","12,238","9,389,164","16,570","2,764,277.3",256.2683693,150.6486539,130.3417429,599.4333492,4.598936119,2.339084417,3.979015635,1.70109963,,,,,,,,,1
case,MAY 2022,202221,all_ages,Janssen,"3,432","1,900,939",285,"213,816","2,777","2,422,643","40,994","8,848,208.35",180.542353,133.2921765,114.6268765,463.3028335,4.041834233,2.566172567,3.475844163,1.354485746,175.5139436,130.5960586,116.1579764,491.9949327,2.803167216,3.767303072,4.235567355,1.343945181,1
case,MAY 2022,202221,all_ages,Moderna,"35,477","14,080,758","5,364","3,456,822","12,600","9,743,551","40,994","8,848,208.35",251.9537656,155.1714262,129.3163037,463.3028335,3.582710148,1.83884068,2.985748373,1.623712378,255.3682727,174.4344105,129.0799506,491.9949327,1.926609471,2.820515351,3.811551914,1.463978764,1
case,MAY 2022,202221,all_ages,Pfizer,"46,639","15,552,828","6,890","3,734,245","17,050","11,520,435","40,994","8,848,208.35",299.8747237,184.5085151,147.9978838,463.3028335,3.130469313,1.544987946,2.51101058,1.625262246,300.40608,200.3074921,147.247315,491.9949327,1.637766229,2.456198356,3.34128288,1.499724633,1
case,MAY 2022,202221,all_ages,all_types,"85,645","31,567,631","12,548","7,418,344","32,466","23,708,568","40,994","8,848,208.35",271.3063898,169.1482627,136.9378361,463.3028335,3.383307686,1.707673873,2.739033946,1.603956111,272.677693,185.9447854,136.2682692,491.9949327,1.804309429,2.645919494,3.610487866,1.46644442,1
case,JUN 2022,202222,50-64,all_types,"42,944","15,496,105","5,166","2,407,592","19,632","14,250,114","24,607","6,067,153.05",277.127704,214.5712396,137.7673189,405.5773737,2.943930222,1.463503532,1.890175843,1.291541702,,,,,,,,,1
case,JUN 2022,202222,65+,all_types,"40,419","15,431,569","9,065","5,867,542","12,408","9,304,062","17,393","2,752,668.3",261.9241115,154.4939942,133.3611061,631.8596396,4.737960398,2.41237676,4.089865387,1.695367595,,,,,,,,,1
case,JUN 2022,202222,all_ages,Janssen,"3,244","1,883,915",362,"241,176","2,608","2,413,292","42,000","8,819,821.35",172.1946054,150.0978538,108.0681492,476.2001217,4.406479847,2.765476425,3.172597805,1.147215639,168.8374315,147.0463608,108.4430277,509.0638232,3.01511234,3.461927385,4.6942974,1.14819184,1
case,JUN 2022,202222,all_ages,Moderna,"35,213","13,779,336","6,078","3,857,508","12,534","9,672,230","42,000","8,819,821.35",255.549324,157.5628618,129.5874891,476.2001217,3.674738394,1.863437219,3.022286573,1.621888058,257.3683141,173.2730409,129.4534451,509.0638232,1.977958417,2.937928604,3.932408464,1.485333857,1
case,JUN 2022,202222,all_ages,Pfizer,"44,829","15,232,014","7,777","4,162,133","16,854","11,446,866","42,000","8,819,821.35",294.3077652,186.8513092,147.236807,476.2001217,3.234246459,1.618034513,2.548551165,1.575090731,294.5216681,201.6424315,147.0524038,509.0638232,1.728442686,2.524586812,3.461785119,1.460613552,1
case,JUN 2022,202222,all_ages,all_types,"83,363","30,927,674","14,231","8,275,134","32,040","23,554,176","42,000","8,819,821.35",269.5417703,171.973046,136.0268345,476.2001217,3.500780736,1.766702509,2.769039293,1.567348934,270.1745926,187.0959057,135.7522104,509.0638232,1.884203167,2.720870995,3.749948686,1.444043319,1
case,JUN 2022,202223,50-64,all_types,"42,690","15,281,161","5,803","2,717,431","19,820","14,181,308","25,184","6,048,153.05",279.3635902,213.5472805,139.7614381,416.3915792,2.979302338,1.49050053,1.949880037,1.30820486,,,,,,,,,1
case,JUN 2022,202223,65+,all_types,"40,403","15,018,818","9,763","6,393,964","12,499","9,225,976","17,904","2,738,918.3",269.015844,152.6908816,135.4761816,653.6887208,4.825119169,2.429926473,4.281124806,1.761833066,,,,,,,,,1
case,JUN 2022,202223,all_ages,Janssen,"3,417","1,866,511",384,"268,893","2,703","2,403,953","43,088","8,787,071.35",183.0688381,142.8077339,112.4398023,490.3567785,4.361060484,2.678537668,3.433685033,1.281925236,177.4987641,138.4838152,114.6378562,524.9154998,2.957291013,3.790446551,4.578901918,1.281729304,1
case,JUN 2022,202223,all_ages,Moderna,"35,212","13,487,959","6,672","4,241,789","12,716","9,606,261","43,088","8,787,071.35",261.062478,157.2921237,132.372002,490.3567785,3.704384396,1.878311974,3.117490991,1.659730137,262.7819192,174.2841973,132.2557324,524.9154998,1.997532789,3.011836459,3.968943276,1.507778233,1
case,JUN 2022,202223,all_ages,Pfizer,"44,373","14,913,874","8,499","4,585,494","16,857","11,375,398","43,088","8,787,071.35",297.5283283,185.3453521,148.1882216,490.3567785,3.30901318,1.648101145,2.645638388,1.605264577,297.5161108,198.7395222,147.7174382,524.9154998,1.764326303,2.641223518,3.553510717,1.497015327,1
case,JUN 2022,202223,all_ages,all_types,"83,093","30,299,979","15,566","9,111,395","32,319","23,407,284","43,088","8,787,071.35",274.2345135,170.8410183,138.0724052,490.3567785,3.551446634,1.788092871,2.870252024,1.605202991,274.6312197,185.7156136,137.801647,524.9154998,1.911346788,2.826447866,3.80921064,1.478772917,1
case,JUN 2022,202224,50-64,all_types,"41,256","15,126,741","6,275","2,943,545","19,448","14,129,041","25,896","6,031,545.05",272.7355483,213.1783275,137.6455769,429.342727,3.119190145,1.574208899,2.01400739,1.279377465,,,,,,,,,1
case,JUN 2022,202224,65+,all_types,"40,470","14,754,285","10,562","6,736,824","12,610","9,171,055","18,510","2,728,141.3",274.2931969,156.7801088,137.4978124,678.4839187,4.934507006,2.473571807,4.327614796,1.749540799,,,,,,,,,1
case,JUN 2022,202224,all_ages,Janssen,"3,280","1,854,418",421,"288,554","2,625","2,397,106","44,406","8,759,686.35",176.8749009,145.8999009,109.5070472,506.935959,4.629254205,2.866070632,3.474546287,1.212303092,171.7138033,142.6407677,113.156601,543.2833279,3.163888502,3.808752131,4.801163372,1.20381996,1
case,JUN 2022,202224,all_ages,Moderna,"35,090","13,290,773","7,317","4,506,246","12,915","9,557,556","44,406","8,759,686.35",264.0177513,162.374624,135.1286877,506.935959,3.751505084,1.92008286,3.122014674,1.625979138,264.152829,176.0812999,135.0523514,543.2833279,2.056700774,3.085411843,4.022760967,1.500175369,1
case,JUN 2022,202224,all_ages,Pfizer,"43,292","14,704,726","9,089","4,869,736","16,483","11,323,841","44,406","8,759,686.35",294.4087499,186.6425613,145.5601505,506.935959,3.482656189,1.721878032,2.716079095,1.57739343,294.3156339,200.2337025,145.4110262,543.2833279,1.845920724,2.713246177,3.736190727,1.469860619,1
case,JUN 2022,202224,all_ages,all_types,"81,726","29,881,026","16,837","9,680,369","32,058","23,300,096","44,406","8,759,686.35",273.5046648,173.9293203,137.5874159,506.935959,3.684464567,1.853481948,2.914608981,1.57250465,273.4479131,187.3855356,137.5779993,543.2833279,1.986789081,2.899281026,3.948911386,1.459279726,1
case,JUN 2022,202225,50-64,all_types,"43,971","14,975,290","7,251","3,170,556","21,457","14,073,682","26,919","6,015,870.05",293.6236961,228.698058,152.4618788,447.4664475,2.934939874,1.523945286,1.956581754,1.283892389,,,,,,,,,1
case,JUN 2022,202225,65+,all_types,"44,001","14,492,784","12,278","7,079,236","13,710","9,113,690","19,153","2,717,998.3",303.6062636,173.4367946,150.4330299,704.6729941,4.684297024,2.321009408,4.06299595,1.750529721,,,,,,,,,1
case,JUN 2022,202225,all_ages,Janssen,"3,567","1,842,034",477,"308,952","2,905","2,389,980","46,072","8,733,868.35",193.6446341,154.3929154,121.5491343,527.5096687,4.339888324,2.724111985,3.416670171,1.254232642,189.5063926,149.803262,124.335202,565.0956049,2.981934261,3.772251667,4.544936556,1.265035154,1
case,JUN 2022,202225,all_ages,Moderna,"37,892","13,096,670","8,467","4,770,058","14,035","9,506,399","46,072","8,733,868.35",289.3254545,177.5030828,147.6373967,527.5096687,3.57300847,1.823239748,2.971833844,1.629974252,289.2011498,191.4848077,147.5203726,565.0956049,1.953988099,2.951125009,3.83062756,1.510308589,1
case,JUN 2022,202225,all_ages,Pfizer,"46,432","14,498,716","10,570","5,154,391","18,187","11,269,500","46,072","8,733,868.35",320.2490483,205.0678732,161.3824926,527.5096687,3.268692039,1.64718575,2.572366215,1.561673427,320.0161064,217.1648677,161.1551469,565.0956049,1.765834887,2.602150205,3.506531536,1.473609013,1
case,JUN 2022,202225,all_ages,all_types,"87,972","29,468,074","19,529","10,249,792","35,167","23,187,372","46,072","8,733,868.35",298.5332533,190.5306956,151.6644491,527.5096687,3.478136583,1.767004724,2.76863351,1.566851222,298.1890582,203.4252337,151.5340183,565.0956049,1.895091686,2.777903186,3.729166633,1.46584105,1
case,JUN 2022,202226,50-64,all_types,"47,263","14,853,153","8,370","3,359,757","22,167","14,024,761","29,874","6,001,165.05",318.2017986,249.1251599,158.0561694,497.803339,3.149534378,1.564426541,1.998205798,1.277276846,,,,,,,,,1
case,JUN 2022,202226,65+,all_types,"47,929","14,286,181","13,945","7,356,933","14,621","9,062,606","21,940","2,708,501.3",335.4920395,189.5490961,161.3332854,810.0420701,5.020923415,2.414489689,4.273521145,1.769947979,,,,,,,,,1
case,JUN 2022,202226,all_ages,Janssen,"3,815","1,832,030",541,"326,260","2,795","2,383,454","51,814","8,709,666.35",208.2389481,165.8186722,117.2667901,594.9022376,5.073066611,2.856825023,3.587667357,1.255823275,203.8664453,161.8461878,119.8772275,640.6005553,3.142255973,3.958082449,5.34380523,1.259630814,1
case,JUN 2022,202226,all_ages,Moderna,"41,826","12,943,074","9,936","4,984,681","15,095","9,461,220","51,814","8,709,666.35",323.153526,199.3307094,159.5460205,594.9022376,3.728718747,1.840927577,2.984498672,1.621192875,322.5635764,217.5443892,159.5406032,640.6005553,1.985966805,2.944688933,4.015282269,1.482748314,1
case,JUN 2022,202226,all_ages,Pfizer,"49,493","14,333,995","11,827","5,388,867","18,845","11,221,265","51,814","8,709,666.35",345.2840607,219.4709946,167.9400674,594.9022376,3.542348451,1.722935708,2.710618953,1.573256008,344.9970188,230.6995234,168.0042937,640.6005553,1.856829249,2.776774506,3.813001091,1.495438802,1
case,JUN 2022,202226,all_ages,all_types,"95,192","29,139,334","22,315","10,716,690","36,788","23,087,367","51,814","8,709,666.35",326.6787086,208.2266073,159.342553,594.9022376,3.733480017,1.821062169,2.856994336,1.568861505,326.1092041,221.8790331,159.5549041,640.6005553,1.964374348,2.887161289,4.014922379,1.469761246,1
case,JUL 2022,202227,50-64,all_types,"48,804","14,752,226","8,865","3,522,125","23,278","13,979,874","31,151","5,987,539.05",330.8246498,251.6946446,166.5107997,520.2638303,3.124505024,1.572627162,2.067043704,1.314388911,,,,,,,,,1
case,JUL 2022,202227,65+,all_types,"50,038","14,115,614","15,061","7,590,052","15,765","9,017,168","22,971","2,700,245.3",354.4868824,198.4307881,174.8331627,850.7004901,4.865784482,2.399808095,4.287139603,1.786451013,,,,,,,,,1
case,JUL 2022,202227,all_ages,Janssen,"4,020","1,823,750",620,"341,233","3,090","2,377,465","54,122","8,687,784.35",220.4249486,181.6940331,129.9703676,622.9666601,4.793143788,2.826207578,3.428657779,1.213165588,216.9083663,178.7559946,134.8932519,671.383568,3.095240537,3.755866031,4.977147176,1.213432684,1
case,JUL 2022,202227,all_ages,Moderna,"43,063","12,816,763","10,486","5,165,336","16,084","9,420,672","54,122","8,687,784.35",335.9896723,203.0071229,170.7309203,622.9666601,3.648821544,1.854124431,3.068693607,1.655063465,334.9364932,217.711171,170.8149771,671.383568,2.004510054,3.083826912,3.930472489,1.538444223,1
case,JUL 2022,202227,all_ages,Pfizer,"51,687","14,197,428","12,804","5,588,313","19,825","11,177,545","54,122","8,687,784.35",364.0588986,229.1210245,177.3645286,622.9666601,3.512352018,1.711169985,2.718941491,1.58893711,363.739619,239.7435837,177.7684414,671.383568,1.845780698,2.800423509,3.776730914,1.517202727,1
case,JUL 2022,202227,all_ages,all_types,"98,842","28,867,840","23,926","11,112,177","39,043","22,997,042","54,122","8,687,784.35",342.3948588,215.313345,169.7740083,622.9666601,3.669387713,1.819439294,2.893302596,1.590216616,341.6461803,227.3353013,170.3168947,671.383568,1.965142908,2.953274587,3.941966939,1.502829426,1
case,JUL 2022,202228,50-64,all_types,"51,114","14,665,771","9,181","3,666,104","25,269","13,937,160","34,258","5,968,931.05",348.5258293,250.4293386,181.3066651,573.9386117,3.165568191,1.646760623,2.291818582,1.391713252,,,,,,,,,1
case,JUL 2022,202228,65+,all_types,"53,430","13,975,305","16,412","7,786,972","17,180","8,975,732","24,747","2,687,495.3",382.3172374,210.7622835,191.4050018,920.820215,4.810847189,2.408523929,4.368999044,1.813973692,,,,,,,,,1
case,JUL 2022,202228,all_ages,Janssen,"4,226","1,817,015",592,"354,418","3,305","2,371,705","59,005","8,656,426.35",232.5792577,167.0344057,139.3512262,681.6323228,4.891469858,2.930752851,4.080789942,1.3924033,228.9330561,162.2036548,144.9488155,732.5791722,3.199971139,4.51641594,5.054054218,1.411392711,1
case,JUL 2022,202228,all_ages,Moderna,"45,824","12,711,114","11,314","5,321,381","17,444","9,382,111","59,005","8,656,426.35",360.5034146,212.6139812,185.9283055,681.6323228,3.666103023,1.890779103,3.205961898,1.695577179,359.0444108,223.8428293,185.9819563,732.5791722,2.040358101,3.272739067,3.938979817,1.60400229,1
case,JUL 2022,202228,all_ages,Pfizer,"54,392","14,083,310","13,666","5,759,666","21,639","11,137,761","59,005","8,656,426.35",386.2160245,237.2707029,194.2850093,681.6323228,3.508414391,1.764899123,2.872804415,1.627744259,385.8075567,244.4024387,195.0306104,732.5791722,1.898820175,2.997429879,3.756226629,1.578574906,1
case,JUL 2022,202228,all_ages,all_types,"104,544","28,641,076","25,593","11,453,076","42,449","22,912,892","59,005","8,656,426.35",365.0142194,223.4596191,185.2625151,681.6323228,3.679278145,1.867413066,3.050360175,1.633468369,363.9797706,232.2882674,185.9249723,732.5791722,2.012691999,3.15375021,3.940187073,1.566931359,1
case,JUL 2022,202229,50-64,all_types,"49,409","14,593,197","9,240","3,791,498","24,406","13,897,753","34,510","5,949,766.05",338.5755705,243.7031485,175.6111222,580.0228061,3.302881953,1.713126571,2.380038214,1.38929502,,,,,,,,,1
case,JUL 2022,202229,65+,all_types,"53,372","13,862,853","16,535","7,949,072","16,459","8,938,501","25,231","2,674,564.3",385.0001151,208.0117025,184.1360201,943.3686077,5.123216018,2.45030734,4.535170841,1.850857959,,,,,,,,,1
case,JUL 2022,202229,all_ages,Janssen,"4,177","1,811,297",596,"365,505","3,359","2,366,969","59,741","8,624,330.35",230.6082327,163.0620648,141.9114488,692.7030572,4.881234482,3.003808881,4.248094479,1.414235941,230.9343063,159.962506,146.0289457,746.1929953,3.231191619,4.664799358,5.109897846,1.443677723,1
case,JUL 2022,202229,all_ages,Moderna,"45,519","12,624,484","11,665","5,453,363","16,936","9,346,926","59,741","8,624,330.35",360.5612713,213.9047043,181.1932608,692.7030572,3.823006741,1.921179873,3.238372244,1.68561637,358.1344249,225.1878169,181.2866525,746.1929953,2.083555624,3.313647273,4.11609451,1.590380998,1
case,JUL 2022,202229,all_ages,Pfizer,"52,995","13,990,819","13,498","5,903,847","20,510","11,101,099","59,741","8,624,330.35",378.7841155,228.6305861,184.7564822,692.7030572,3.749276068,1.82875424,3.029791722,1.656751714,378.3466702,234.8001766,185.2345603,746.1929953,1.972246762,3.177991627,4.028368108,1.611355986,1
case,JUL 2022,202229,all_ages,all_types,"102,781","28,456,050","25,775","11,740,570","40,865","22,836,254","59,741","8,624,330.35",361.1920839,219.537893,178.9479133,692.7030572,3.870975887,1.917824582,3.155277879,1.645238,359.8070677,227.3802563,179.5098432,746.1929953,2.073869755,3.281696517,4.156836094,1.582402419,1
case,JUL 2022,202230,50-64,all_types,"44,361","14,477,269","8,619","3,986,421","22,443","13,837,064","32,254","5,933,492.05",306.4182893,216.2089754,162.1948124,543.5922005,3.351477106,1.774020088,2.514198124,1.417232049,,,,,,,,,1
case,JUL 2022,202230,65+,all_types,"48,771","13,683,598","15,938","8,207,571","15,574","8,878,002","24,176","2,663,905.3",356.4194154,194.1865626,175.4223529,907.5397688,5.173455684,2.546269169,4.673545669,1.835448399,,,,,,,,,1
case,JUL 2022,202230,all_ages,Janssen,"3,827","1,801,465",577,"383,215","2,968","2,359,789","56,430","8,597,397.35",212.43821,150.5682189,125.7739569,656.3614278,5.218579775,3.08965806,4.359229542,1.410910029,210.8239106,147.4329195,129.4827129,710.0375977,3.367917784,4.816004459,5.483647832,1.429964972,1
case,JUL 2022,202230,all_ages,Moderna,"41,494","12,486,981","11,141","5,662,564","15,933","9,290,801","56,430","8,597,397.35",332.2980951,196.7483281,171.4922104,656.3614278,3.827354177,1.975218749,3.33604577,1.688950032,329.3960086,202.826651,171.7261181,710.0375977,2.155574382,3.500711539,4.134709417,1.624027251,1
case,JUL 2022,202230,all_ages,Pfizer,"47,732","13,843,290","12,827","6,129,952","19,065","11,043,298","56,430","8,597,397.35",344.8024277,209.2512307,172.6386447,656.3614278,3.801938024,1.903587025,3.136714779,1.647791636,344.4135352,213.3127158,173.3872297,710.0375977,2.061584477,3.328622933,4.095097424,1.614594488,1
case,JUL 2022,202230,all_ages,all_types,"93,132","28,160,867","24,557","12,193,992","38,017","22,715,066","56,430","8,597,397.35",330.7142497,201.3860596,167.3646909,656.3614278,3.921743734,1.9846784,3.259219774,1.642190379,329.2854768,206.1373894,168.2442092,710.0375977,2.156297947,3.444487193,4.220279564,1.597407815,1
case,AUG 2022,202231,50-64,all_types,"39,021","14,326,778","7,946","4,228,556","19,639","13,768,572","28,298","5,919,129.05",272.3641003,187.9128478,142.6364332,478.0770914,3.351717936,1.755286732,2.544142655,1.449417129,,,,,,,,,1
case,AUG 2022,202231,65+,all_types,"43,513","13,450,775","14,571","8,535,992","13,796","8,806,088","21,670","2,655,082.3",323.4980884,170.7007223,156.664344,816.1705571,5.209676536,2.522953261,4.781295276,1.895118451,,,,,,,,,1
case,AUG 2022,202231,all_ages,Janssen,"3,390","1,788,938",585,"404,994","2,757","2,351,199","49,968","8,574,211.35",189.4979032,144.4465844,117.2593217,582.7707991,4.96993152,3.075341675,4.034507299,1.311889125,188.3907045,141.6701242,120.7672702,632.6985427,3.358438222,4.465998363,5.238990178,1.329784283,1
case,AUG 2022,202231,all_ages,Moderna,"37,074","12,311,852","10,284","5,922,208","14,060","9,225,894","49,968","8,574,211.35",301.1244775,173.6514489,152.3971552,582.7707991,3.824026756,1.935315269,3.355980055,1.734074085,297.9627547,177.1403488,152.6097533,632.6985427,2.123414865,3.571735896,4.145859154,1.682071627,1
case,AUG 2022,202231,all_ages,Pfizer,"41,990","13,648,124","11,633","6,418,487","16,576","10,976,486","49,968","8,574,211.35",307.6613313,181.2420902,151.0137215,582.7707991,3.859058589,1.894195792,3.215427489,1.697515908,307.3868629,184.8982085,152.1208437,632.6985427,2.058313542,3.421874922,4.159183759,1.66246534,1
case,AUG 2022,202231,all_ages,all_types,"82,534","27,777,553","22,517","12,764,548","33,435","22,574,660","49,968","8,574,211.35",297.1248043,176.4026427,148.1085429,582.7707991,3.934754792,1.961367044,3.303639845,1.684355743,295.7493835,180.0411671,149.051866,632.6985427,2.139306379,3.514188188,4.244821346,1.642676441,1
case,AUG 2022,202232,50-64,all_types,"34,089","14,209,065","7,358","4,415,471","17,023","13,716,833","24,987","5,906,613.05",239.9102263,166.6413391,124.1029908,423.0343141,3.408735851,1.763302551,2.538591663,1.43968014,,,,,,,,,1
case,AUG 2022,202232,65+,all_types,"38,944","13,256,838","13,498","8,801,697","12,217","8,753,472","19,367","2,647,325.3",293.765376,153.3567902,139.5674768,731.568576,5.241683757,2.490315863,4.770369641,1.915568106,,,,,,,,,1
case,AUG 2022,202232,all_ages,Janssen,"3,015","1,778,189",527,"423,148","2,390","2,344,417","44,354","8,553,938.35",169.5545299,124.5427132,101.9443213,518.5213896,5.086319501,3.058139407,4.163402068,1.361416703,170.2905173,123.242617,106.4313559,564.1373527,3.312793698,4.577453535,5.300480747,1.381750254,1
case,AUG 2022,202232,all_ages,Moderna,"32,892","12,166,416","9,647","6,131,009","12,251","9,177,886","44,354","8,553,938.35",270.3507754,157.3476731,133.4838981,518.5213896,3.884523878,1.917957841,3.295386448,1.718174601,266.8367203,160.643561,133.6949021,564.1373527,2.114166866,3.511733364,4.219587611,1.66104834,1
case,AUG 2022,202232,all_ages,Pfizer,"37,060","13,493,113","10,669","6,643,616","14,561","10,926,990","44,354","8,553,938.35",274.6586351,160.5902569,133.2571916,518.5213896,3.891132504,1.887875797,3.228847128,1.710306967,274.480093,163.3741258,134.5959972,564.1373527,2.055294234,3.453039764,4.19133826,1.680070769,1
case,AUG 2022,202232,all_ages,all_types,"73,033","27,465,903","20,856","13,217,168","29,240","22,470,305","44,354","8,553,938.35",265.9042377,157.7947712,130.1272947,518.5213896,3.984724273,1.95003056,3.286049251,1.685127053,264.5399878,160.5658705,131.1754175,564.1373527,2.132522034,3.513432531,4.300633177,1.647548056,1
case,AUG 2022,202233,50-64,all_types,"29,919","14,132,314","6,603","4,543,827","15,027","13,679,071","22,675","5,895,720.05",211.7063066,145.3180326,109.8539513,384.6010294,3.501021353,1.81667252,2.646615995,1.456848147,,,,,,,,,1
case,AUG 2022,202233,65+,all_types,"35,421","13,133,213","12,679","8,974,979","10,767","8,717,465","17,852","2,640,750.3",269.7055168,141.2705255,123.5106766,676.0199933,5.473372927,2.506511551,4.785286886,1.909142164,,,,,,,,,1
case,AUG 2022,202233,all_ages,Janssen,"2,637","1,771,129",447,"436,086","2,022","2,339,137","40,527","8,536,470.35",148.8880821,102.5027174,86.44213657,474.7512536,5.492127711,3.188645101,4.63159676,1.452528147,150.7363379,102.3955026,90.53981194,517.8766696,3.435645822,5.057611484,5.719877903,1.472099205,1
case,AUG 2022,202233,all_ages,Moderna,"29,163","12,072,356","8,729","6,269,661","10,848","9,144,252","40,527","8,536,470.35",241.5684229,139.2260283,118.6319012,474.7512536,4.001885233,1.965286886,3.409931744,1.735080903,238.1885164,141.8561927,118.8776691,517.8766696,2.174230217,3.650715982,4.356383108,1.679084374,1
case,AUG 2022,202233,all_ages,Pfizer,"33,483","13,394,111","10,092","6,793,352","12,894","10,892,171","40,527","8,536,470.35",249.9829963,148.557001,118.3786042,474.7512536,4.010448144,1.899134184,3.195751465,1.682741268,249.8419389,148.6254422,119.3244717,517.8766696,2.072817205,3.484441572,4.34007092,1.681017295,1
case,AUG 2022,202233,all_ages,all_types,"65,340","27,265,527","19,282","13,518,806","25,794","22,396,536","40,527","8,536,470.35",239.6432682,142.6309394,115.1695959,474.7512536,4.122192581,1.981074858,3.328529248,1.680163288,238.2312855,143.4669722,116.0996286,517.8766696,2.173839882,3.609727463,4.460622965,1.660530517,1
case,AUG 2022,202234,50-64,all_types,"27,813","14,074,907","6,510","4,643,465","13,970","13,648,523","20,745","5,885,784.05",197.6069895,140.1970296,102.3553977,352.4594145,3.443486346,1.783638399,2.514029117,1.409494838,,,,,,,,,1
case,AUG 2022,202234,65+,all_types,"33,282","13,041,806","12,342","9,105,728","10,192","8,688,661","16,205","2,635,031.3",255.1947177,135.5410572,117.3023093,614.9832072,5.242720377,2.409858687,4.537246645,1.882785356,,,,,,,,,1
case,AUG 2022,202234,all_ages,Janssen,"2,448","1,765,831",440,"446,242","1,923","2,334,864","36,950","8,520,815.35",138.6316131,98.60120742,82.36025739,433.643947,5.26520874,3.128030738,4.397957777,1.405982916,140.7107779,98.33184086,86.58680044,472.5203264,3.358096185,4.80536439,5.457186592,1.430978782,1
case,AUG 2022,202234,all_ages,Moderna,"27,578","12,002,184","8,641","6,375,681","10,336","9,117,054","36,950","8,520,815.35",229.7748476,135.5306202,113.3699548,433.643947,3.825034135,1.887255944,3.199601289,1.695372214,226.1881741,137.1709328,113.585938,472.5203264,2.089058494,3.44475551,4.160024864,1.6489512,1
case,AUG 2022,202234,all_ages,Pfizer,"31,012","13,320,988","9,752","6,907,302","11,877","10,864,305","36,950","8,520,815.35",232.8055547,141.1839239,109.321305,433.643947,3.966692011,1.862687287,3.071482468,1.64895229,232.7196519,142.0559892,110.6010341,472.5203264,2.030427265,3.326296406,4.272295737,1.638224852,1
case,AUG 2022,202234,all_ages,all_types,"61,095","27,116,713","18,852","13,749,193","24,162","22,337,184","36,950","8,520,815.35",225.303856,137.1135019,108.1694094,433.643947,4.008933298,1.92470717,3.162664078,1.64319234,223.9437839,138.0676977,109.1911204,472.5203264,2.109995277,3.422381443,4.327461105,1.621985357,1
case,AUG 2022,202235,50-64,all_types,"23,922","14,026,551","5,635","4,727,982","11,984","13,622,808","17,563","5,878,379.05",170.5479843,119.1840409,87.970116,298.7728394,3.396299255,1.751840343,2.506819178,1.430963265,,,,,,,,,1
case,AUG 2022,202235,65+,all_types,"30,190","12,967,374","11,355","9,214,248","9,113","8,664,017","14,476","2,631,600.3",232.8150634,123.2330625,105.1821574,550.0835366,5.229817966,2.362748907,4.463765854,1.889225656,,,,,,,,,1
case,AUG 2022,202235,all_ages,Janssen,"2,177","1,761,331",421,"455,012","1,704","2,331,104","32,039","8,509,979.35",123.5997095,92.52503231,73.09841174,376.4874001,5.150418335,3.046021722,4.069032895,1.335851569,125.0297404,91.84803412,77.22502878,413.7056277,3.308857768,4.504240419,5.357144364,1.361267463,1
case,AUG 2022,202235,all_ages,Moderna,"24,445","11,944,273","7,676","6,464,118","8,832","9,094,191","32,039","8,509,979.35",204.6587515,118.7478323,97.11693981,376.4874001,3.876639861,1.839586127,3.170478087,1.723473579,200.7505713,118.2807478,97.43749771,413.7056277,2.060794273,3.497658201,4.245856446,1.697237927,1
case,AUG 2022,202235,all_ages,Pfizer,"27,446","13,260,753","8,879","7,002,936","10,534","10,840,552","32,039","8,509,979.35",206.9716554,126.7896779,97.17217352,376.4874001,3.874436337,1.819028791,2.969385254,1.63240146,206.9170668,125.6742649,98.58339377,413.7056277,1.999378949,3.291888185,4.196504217,1.646455358,1
case,AUG 2022,202235,all_ages,all_types,"54,112","26,993,925","16,990","13,942,230","21,097","22,286,825","32,039","8,509,979.35",200.4599183,121.8599894,94.66130775,376.4874001,3.977204721,1.878118096,3.089507901,1.645001934,199.0248024,121.0357939,95.84175829,413.7056277,2.078663677,3.418043657,4.31654881,1.644346651,1
case,SEP 2022,202236,50-64,all_types,"20,287","13,989,170","4,948","4,796,078","9,457","13,601,228","13,991","5,873,386.05",145.0193257,103.1676299,69.53048651,238.2101207,3.425980928,1.642609491,2.308961842,1.405666931,,,,,,,,,1
case,SEP 2022,202236,65+,all_types,"26,576","12,908,692","10,356","9,300,398","7,614","8,644,305","12,517","2,628,304.3",205.8767844,111.3500734,88.08111236,476.2386151,5.40681881,2.313221554,4.27694927,1.848914672,,,,,,,,,1
case,SEP 2022,202236,all_ages,Janssen,"1,788","1,757,994",396,"462,113","1,406","2,327,823","26,508","8,501,690.35",101.7068318,85.69332609,60.39978126,311.7968181,5.162217671,3.065642816,3.638519268,1.186869928,103.419721,85.52207093,64.08801372,347.0685134,3.355921965,4.058233268,5.415498051,1.209275219,1
case,SEP 2022,202236,all_ages,Moderna,"21,045","11,898,739","7,007","6,534,591","7,233","9,075,497","26,508","8,501,690.35",176.8674815,107.2293583,79.69811461,311.7968181,3.912223265,1.762883801,2.907756075,1.649431501,173.2665722,106.9994308,80.09223602,347.0685134,2.003089857,3.243648222,4.333360268,1.619322374,1
case,SEP 2022,202236,all_ages,Pfizer,"23,982","13,213,664","7,886","7,079,466","8,405","10,820,965","26,508","8,501,690.35",181.4939445,111.3925824,77.67329439,311.7968181,4.014208752,1.717946123,2.799080615,1.629318043,181.4714354,108.8056264,79.14651645,347.0685134,1.912524209,3.189802998,4.385139472,1.667849737,1
case,SEP 2022,202236,all_ages,all_types,"46,863","26,897,862","15,304","14,096,476","17,071","22,245,533","26,508","8,501,690.35",174.2257433,108.5661409,76.73900194,311.7968181,4.063081488,1.789613936,2.871952669,1.60478895,172.8514773,106.909735,78.01430824,347.0685134,2.007900186,3.246369597,4.448780246,1.616798295,1
case,SEP 2022,202237,50-64,all_types,"19,716","13,964,829","5,108","4,842,536","8,592","13,586,527","12,666","5,865,750.05",141.183254,105.481921,63.23911917,215.9314647,3.414523598,1.529441053,2.047094541,1.33845926,,,,,,,,,1
case,SEP 2022,202237,65+,all_types,"25,347","12,867,658","10,441","9,360,685","6,839","8,630,944","11,516","2,622,042.3",196.9822325,111.5409823,79.23814591,439.1996269,5.542780209,2.229640823,3.937562839,1.76600769,,,,,,,,,1
case,SEP 2022,202237,all_ages,Janssen,"1,846","1,755,676",425,"467,246","1,385","2,325,434","24,182","8,487,792.35",105.144685,90.95851008,59.55877484,284.9032941,4.783565392,2.709630963,3.132233519,1.155963141,108.5063332,91.29098217,62.78852423,318.0394637,2.931068208,3.483799343,5.06524827,1.188576688,1
case,SEP 2022,202237,all_ages,Moderna,"20,311","11,867,971","7,014","6,583,154","6,369","9,062,494","24,182","8,487,792.35",171.1413012,106.5446745,70.27866722,284.9032941,4.053908609,1.664725534,2.674026604,1.606286772,167.7258973,104.5617684,70.56297301,318.0394637,1.896185794,3.041641973,4.507172107,1.604084359,1
case,SEP 2022,202237,all_ages,Pfizer,"22,862","13,181,469","8,096","7,132,385","7,660","10,807,883","24,182","8,487,792.35",173.4404564,113.5104176,70.87419433,284.9032941,4.019845259,1.642657659,2.509930807,1.527969503,173.4440383,112.7205327,72.40052294,318.0394637,1.833671926,2.821486523,4.392778543,1.53870847,1
case,SEP 2022,202237,all_ages,all_types,"45,063","26,832,487","15,549","14,203,221","15,431","22,217,471","24,182","8,487,792.35",167.9419429,109.4751676,69.45434969,284.9032941,4.102022341,1.696439193,2.602446749,1.534064268,166.7019934,108.2529324,70.55600927,318.0394637,1.907832398,2.937929316,4.507616956,1.539930509,1
case,SEP 2022,202238,50-64,all_types,"17,913","13,949,611","4,714","4,878,339","7,590","13,569,956","12,126","5,858,436.05",128.412183,96.63125092,55.93238475,206.9835686,3.700603318,1.611868623,2.141994092,1.328888757,,,,,,,,,1
case,SEP 2022,202238,65+,all_types,"23,773","12,850,825","9,983","9,400,370","6,051","8,611,542","10,879","2,614,661.3",184.9920141,106.1979475,70.26616139,416.0768357,5.921439672,2.249161066,3.917936696,1.741954703,,,,,,,,,1
case,SEP 2022,202238,all_ages,Janssen,"1,684","1,754,235",382,"470,528","1,186","2,323,874","23,005","8,473,097.35",95.99626048,81.18539173,51.03546922,271.5063813,5.319954641,2.828301644,3.344276298,1.182432682,99.83885102,81.88352368,55.03246407,302.6089139,3.030973522,3.695602,5.498734592,1.21927888,1
case,SEP 2022,202238,all_ages,Moderna,"18,610","11,852,400","6,537","6,619,355","5,546","9,044,931","23,005","8,473,097.35",157.0146131,98.75584555,61.31611175,271.5063813,4.427977795,1.729179062,2.749268965,1.589927282,153.7093479,96.81013498,61.61822754,302.6089139,1.968708591,3.125797872,4.911029187,1.58774025,1
case,SEP 2022,202238,all_ages,Pfizer,"21,341","13,166,433","7,763","7,168,374","6,893","10,789,884","23,005","8,473,097.35",162.0864208,108.2951308,63.88391201,271.5063813,4.249996169,1.67507173,2.50709685,1.496710144,162.0913531,106.3460955,64.99670408,302.6089139,1.866903496,2.845510335,4.655757829,1.524187159,1
case,SEP 2022,202238,all_ages,all_types,"41,686","26,800,436","14,697","14,278,709","13,641","22,181,498","23,005","8,473,097.35",155.5422457,102.9294735,61.49719915,271.5063813,4.414938974,1.745547521,2.63779044,1.511153612,154.2880324,101.0064213,62.48770028,302.6089139,1.961324603,2.995937387,4.842695643,1.527507166,1
death,MAR 2022,202213,50-64,all_types,6,"14,860,161",0,"171,234",17,"13,560,485",31,"5,913,428.05",0.0403764,0,0.125364248,0.524230611,4.18165961,12.98358547,,,,,,,,,,,1
death,MAR 2022,202213,65+,all_types,95,"17,520,740",2,"315,255",65,"9,390,971",128,"2,760,489.55",0.542214541,0.634407067,0.692154198,4.636858705,6.699170097,8.55170482,7.308964455,0.854679226,,,,,,,,,1
death,MAR 2022,202213,all_ages,Janssen,2,"1,755,812",0,"26,681",6,"2,227,092",159,"8,673,917.6",0.113907411,0,0.269409616,1.833081744,6.804069478,16.09273461,,,0.151057524,0,0.378922938,2.405073008,15.92157047,,6.34712963,,1
death,MAR 2022,202213,all_ages,Moderna,51,"14,583,885",0,"215,103",33,"9,577,589",159,"8,673,917.6",0.349701057,0,0.344554355,1.833081744,5.32015259,5.241853598,,,0.283968506,0,0.344029466,2.405073008,8.469506135,,6.990892481,,1
death,MAR 2022,202213,all_ages,Pfizer,48,"16,001,787",2,"238,917",43,"11,123,661",159,"8,673,917.6",0.299966497,0.837110796,0.386563381,1.833081744,4.741995326,6.11095492,2.189771955,0.358335478,0.267847371,0.59788012,0.431532357,2.405073008,8.979266801,4.022667637,5.573331798,0.447995112,1
death,MAR 2022,202213,all_ages,all_types,101,"32,380,901",2,"486,489",82,"22,951,456",159,"8,673,917.6",0.31191226,0.411108987,0.357275809,1.833081744,5.130718901,5.8769147,4.458870522,0.758709416,0.269883776,0.290135573,0.384576251,2.405073008,8.911513856,8.289479922,6.253826126,0.930198848,1
death,APR 2022,202214,50-64,all_types,14,"14,924,972",1,"182,038",6,"13,500,981",33,"5,892,093.05",0.093802521,0.549335853,0.0444412,0.560072621,12.6025497,5.970762994,1.019544999,0.170756233,,,,,,,,,1
death,APR 2022,202214,65+,all_types,105,"17,543,171",3,"345,100",70,"9,347,785",122,"2,736,458.55",0.598523494,0.869313243,0.748840501,4.458317119,5.953627128,7.448859009,5.128550793,0.688501526,,,,,,,,,1
death,APR 2022,202214,all_ages,Janssen,6,"1,763,845",0,"27,891",12,"2,219,664",155,"8,628,551.6",0.340165944,0,0.540622364,1.796361744,3.322766245,5.280839467,,,0.366462409,0,0.692301723,2.342870228,6.393207527,,3.384175065,,1
death,APR 2022,202214,all_ages,Moderna,57,"14,619,974",3,"232,531",33,"9,533,346",155,"8,628,551.6",0.389877574,1.290150561,0.346153386,1.796361744,5.189496378,4.607502104,1.392365976,0.302195407,0.32640976,1.335802473,0.345330474,2.342870228,7.177696619,1.753904695,6.784429432,0.24435481,1
death,APR 2022,202214,all_ages,Pfizer,56,"16,044,909",1,"260,821",31,"11,072,733",155,"8,628,551.6",0.349020365,0.383404711,0.279967014,1.796361744,6.416333536,5.146867984,4.685288664,0.910318407,0.314434992,0.270855118,0.326904524,2.342870228,7.45104804,8.64990199,7.166833295,1.160897359,1
death,APR 2022,202214,all_ages,all_types,119,"32,468,143",4,"527,138",76,"22,848,766",155,"8,628,551.6",0.366513108,0.75881458,0.332621902,1.796361744,5.400611729,4.901221007,2.367326342,0.483007467,0.324628305,0.695672217,0.366586571,2.342870228,7.217085485,3.367778923,6.391042157,0.466639744,1
death,APR 2022,202215,50-64,all_types,13,"14,918,108",0,"282,155",20,"13,427,224",37,"5,869,080.05",0.087142418,0,0.148951116,0.63042248,4.232411926,7.234392801,,,,,,,,,,,1
death,APR 2022,202215,65+,all_types,114,"17,400,882",3,"595,113",75,"9,260,744",119,"2,711,497.55",0.655139205,0.504105943,0.809870136,4.388718699,5.419040048,6.698910194,8.70594517,1.299606192,,,,,,,,,1
death,APR 2022,202215,all_ages,Janssen,5,"1,764,133",0,"38,054",7,"2,211,080",156,"8,580,577.6",0.283425343,0,0.316587369,1.818059428,5.742678342,6.414597264,,,0.375762233,0,0.417271023,2.349217058,6.251871128,,5.629954945,,1
death,APR 2022,202215,all_ages,Moderna,55,"14,545,590",0,"398,949",42,"9,457,789",156,"8,580,577.6",0.378121479,0,0.44407842,1.818059428,4.094005347,4.808135824,,,0.321530776,0,0.444044044,2.349217058,7.306352084,,5.290504606,,1
death,APR 2022,202215,all_ages,Pfizer,67,"15,969,986",3,"434,115",45,"10,996,166",156,"8,580,577.6",0.419536999,0.691061124,0.409233546,1.818059428,4.442596281,4.33349009,2.630822895,0.607091014,0.3790596,0.476068326,0.464012654,2.349217058,6.197487296,4.934621628,5.062829721,0.796229406,1
death,APR 2022,202215,all_ages,all_types,127,"32,318,990",3,"877,268",95,"22,687,968",156,"8,580,577.6",0.392957824,0.341970755,0.418724145,1.818059428,4.341902538,4.626601926,5.31641786,1.149097749,0.346906348,0.23054451,0.451211492,2.349217058,6.771905642,10.18986336,5.206465483,1.504726128,1
death,APR 2022,202216,50-64,all_types,23,"14,738,319",0,"573,668",11,"13,345,005",28,"5,848,907.05",0.156055789,0,0.082427845,0.478721918,5.807769442,3.06763319,,,,,,,,,,,1
death,APR 2022,202216,65+,all_types,169,"16,729,205",2,"1,462,158",94,"9,122,042",129,"2,687,846.55",1.010209391,0.136784123,1.030471028,4.799381125,4.657463426,4.750877557,35.08726754,7.385428716,,,,,,,,,1
death,APR 2022,202216,all_ages,Janssen,5,"1,746,002",0,"68,066",14,"2,200,834",157,"8,536,753.6",0.286368515,0,0.636122488,1.839106613,2.89112026,6.422167649,,,0.26567105,0,0.874332869,2.454703901,9.239636397,,2.807516437,,1
death,APR 2022,202216,all_ages,Moderna,92,"14,147,690",1,"942,652",43,"9,351,444",157,"8,536,753.6",0.650282838,0.106083687,0.459822034,1.839106613,3.999605233,2.828164156,17.33637527,6.129904175,0.554009869,0.063881952,0.461810082,2.454703901,4.430794534,38.42562446,5.315396951,8.672400437,1
death,APR 2022,202216,all_ages,Pfizer,95,"15,535,735",1,"1,017,540",48,"10,892,049",157,"8,536,753.6",0.611493438,0.098276235,0.440688432,1.839106613,4.173258197,3.007565577,18.71364543,6.222190324,0.557716863,0.063946801,0.514101322,2.454703901,4.401344238,38.38665694,4.774747305,8.721575697,1
death,APR 2022,202216,all_ages,all_types,192,"31,467,524",2,"2,035,826",105,"22,467,047",157,"8,536,753.6",0.610152867,0.098240223,0.467351139,1.839106613,3.935170925,3.014173515,18.7205053,6.210825358,0.546688803,0.062555955,0.515999705,2.454703901,4.490130193,39.2401315,4.757180823,8.739196819,1
death,APR 2022,202217,50-64,all_types,16,"14,541,664",2,"879,081",19,"13,265,192",22,"5,829,157.05",0.110028673,0.22751032,0.143232001,0.37741306,2.634977213,3.430133693,1.658883251,0.483620582,,,,,,,,,1
death,APR 2022,202217,65+,all_types,218,"16,027,356",7,"2,354,264",110,"8,989,706",181,"2,666,922.7",1.360174442,0.297332839,1.223621774,6.786848378,5.546524689,4.989689682,22.82576116,4.574585317,,,,,,,,,1
death,APR 2022,202217,all_ages,Janssen,8,"1,726,708",1,"99,060",10,"2,190,725",203,"8,496,079.75",0.463309373,1.009489198,0.45646989,2.389337271,5.234380892,5.157109725,2.3668775,0.458954264,0.588319414,0.895711066,0.633328075,3.308662229,5.623921544,3.693894553,5.224246892,0.656818294,1
death,APR 2022,202217,all_ages,Moderna,89,"13,728,385",3,"1,501,618",42,"9,250,893",203,"8,496,079.75",0.648291842,0.199784499,0.454010224,2.389337271,5.262738912,3.685588983,11.95957285,3.244955664,0.547595029,0.234133566,0.45763645,3.308662229,6.042169953,14.13151597,7.229892269,2.33881471,1
death,APR 2022,202217,all_ages,Pfizer,136,"15,077,246",5,"1,623,440",77,"10,790,790",203,"8,496,079.75",0.902021496,0.307987976,0.713571481,2.389337271,3.348420354,2.648869544,7.757891397,2.928755557,0.827306917,0.197482466,0.818540886,3.308662229,3.999316531,16.75420755,4.042146565,4.189267695,1
death,APR 2022,202217,all_ages,all_types,234,"30,569,020",9,"3,233,345",129,"22,254,898",203,"8,496,079.75",0.765480869,0.278349511,0.57964768,2.389337271,4.122050949,3.12135465,8.583946352,2.750070823,0.681762151,0.259442494,0.637330384,3.308662229,4.853103422,12.75296956,5.191439657,2.627796784,1
death,MAY 2022,202218,50-64,all_types,13,"14,366,272",2,"1,149,057",21,"13,196,282",32,"5,810,430.05",0.090489725,0.174055769,0.159135732,0.550733762,3.460780014,6.086146941,3.164122422,0.519889259,,,,,,,,,1
death,MAY 2022,202218,65+,all_types,264,"15,461,301",6,"3,077,103",136,"8,880,973",209,"2,649,245",1.707488911,0.194988598,1.531363737,7.889040085,5.151643529,4.62025846,40.45898152,8.756865415,,,,,,,,,1
death,MAY 2022,202218,all_ages,Janssen,11,"1,710,551",0,"125,567",11,"2,181,782",241,"8,459,675.05",0.643067643,0,0.504175028,2.848809187,5.650436914,4.430030367,,,0.85994324,0,0.707529324,3.906786713,4.54307509,,5.521731158,,1
death,MAY 2022,202218,all_ages,Moderna,111,"13,382,160",1,"1,963,750",65,"9,168,089",241,"8,459,675.05",0.829462508,0.050923,0.708980901,2.848809187,4.018174795,3.434524356,55.94349041,16.28857001,0.683177921,0.0304302,0.716675077,3.906786713,5.718549432,128.3853217,5.451266326,22.45067971,1
death,MAY 2022,202218,all_ages,Pfizer,155,"14,699,255",7,"2,126,345",80,"10,705,076",241,"8,459,675.05",1.05447521,0.329203398,0.747309034,2.848809187,3.812089857,2.701636947,8.653644529,3.203111557,0.980125996,0.328687632,0.867403847,3.906786713,3.986004584,11.8860168,4.503999755,2.981937565,1
death,MAY 2022,202218,all_ages,all_types,277,"29,827,573",8,"4,226,160",157,"22,077,255",241,"8,459,675.05",0.928670931,0.18929714,0.711139134,2.848809187,4.005980055,3.067619638,15.04940429,4.905889929,0.829997542,0.183629052,0.7867015,3.906786713,4.706985884,21.2754282,4.966034399,4.519968559,1
death,MAY 2022,202219,50-64,all_types,31,"14,195,800",2,"1,409,826",25,"13,130,298",42,"5,791,846.05",0.218374449,0.141861478,0.190399334,0.725157396,3.808613083,3.320706246,5.111728755,1.539349878,,,,,,,,,1
death,MAY 2022,202219,65+,all_types,321,"14,965,213",18,"3,713,343",168,"8,782,380",264,"2,632,215",2.144974482,0.484738415,1.912921099,10.02957585,5.243068236,4.675848564,20.69069738,4.425014432,,,,,,,,,1
death,MAY 2022,202219,all_ages,Janssen,15,"1,696,029",1,"149,903",21,"2,173,400",306,"8,424,061.05",0.88441884,0.667098057,0.96622803,3.632452308,3.759415164,4.10716297,5.445154983,1.325770373,1.03327101,0.760561857,1.244260076,4.980379192,4.820012509,6.548289458,4.002683434,1.358562752,1
death,MAY 2022,202219,all_ages,Moderna,147,"13,069,204",9,"2,383,106",87,"9,090,810",306,"8,424,061.05",1.124781586,0.3776584,0.957010431,3.632452308,3.79562457,3.229473485,9.618354321,2.978304162,0.955956428,0.22689793,0.971679366,4.980379192,5.209839115,21.94986617,5.125537671,4.213156238,1
death,MAY 2022,202219,all_ages,Pfizer,190,"14,361,098",10,"2,578,594",84,"10,626,296",306,"8,424,061.05",1.323018616,0.38780824,0.790491814,3.632452308,4.59518017,2.745579135,9.366619726,3.411527865,1.244082104,0.344911586,0.921789119,4.980379192,4.003256036,14.4395822,5.402948561,3.606959453,1
death,MAY 2022,202219,all_ages,all_types,352,"29,161,013",20,"5,123,169",193,"21,912,678",306,"8,424,061.05",1.207091125,0.390383374,0.880768658,3.632452308,4.12418434,3.00926105,9.304833528,3.092065917,1.099473089,0.298670571,0.978166156,4.980379192,4.529787259,16.6751588,5.091547239,3.681223387,1
death,MAY 2022,202220,50-64,all_types,25,"14,028,321",1,"1,660,816",30,"13,070,621",52,"5,771,938.05",0.178210921,0.0602114,0.229522377,0.90091057,3.925153539,5.055305069,14.9624669,2.959755483,,,,,,,,,1
death,MAY 2022,202220,65+,all_types,315,"14,534,393",21,"4,266,077",208,"8,698,293",279,"2,615,413",2.167273171,0.492255531,2.391273782,10.66753129,4.461024649,4.92209816,21.67071898,4.402740108,,,,,,,,,1
death,MAY 2022,202220,all_ages,Janssen,16,"1,682,131",0,"172,944",25,"2,165,581",331,"8,387,351.05",0.951174433,0,1.154424609,3.946418816,3.418515842,4.148995893,,,1.185074053,0,1.715751644,5.367512921,4.529263725,,3.128374051,,1
death,MAY 2022,202220,all_ages,Moderna,151,"12,784,868",13,"2,761,449",101,"9,024,259",331,"8,387,351.05",1.181083762,0.47076734,1.119205466,3.946418816,3.526089655,3.341353883,8.382949456,2.508848134,1.005753869,0.343417456,1.137590498,5.367512921,5.33680564,15.62970322,4.718317293,2.928662625,1
death,MAY 2022,202220,all_ages,Pfizer,173,"14,061,874",9,"2,979,940",112,"10,557,039",331,"8,387,351.05",1.230276989,0.302019504,1.060903536,3.946418816,3.719865835,3.207748216,13.0667681,4.073501789,1.164216983,0.196120524,1.234199947,5.367512921,4.610405965,27.36844062,4.348981648,5.936232259,1
death,MAY 2022,202220,all_ages,all_types,340,"28,562,714",22,"5,926,893",238,"21,768,914",331,"8,387,351.05",1.190363073,0.371189424,1.093302128,3.946418816,3.609632429,3.315306823,10.63181912,3.206888438,1.087875623,0.257799615,1.218163606,5.367512921,4.933939882,20.82048464,4.406233197,4.219849682,1
death,MAY 2022,202221,50-64,all_types,26,"13,858,470",0,"1,913,943",34,"13,010,106",58,"5,752,066.05",0.187610898,0,0.261335303,1.008333345,3.858389323,5.374599004,,,,,,,,,,,1
death,MAY 2022,202221,65+,all_types,381,"14,138,361",42,"4,777,701",218,"8,617,654",331,"2,599,470",2.694796094,0.879083894,2.529690795,12.73336488,5.033565724,4.725168226,14.48481193,3.065459522,,,,,,,,,1
death,MAY 2022,202221,all_ages,Janssen,13,"1,667,900",0,"196,370",19,"2,157,411",389,"8,351,536.05",0.779423227,0,0.880685229,4.65782579,5.288865577,5.975990489,,,1.017981417,0,1.293338322,6.370582472,6.258053797,,4.925689098,,1
death,MAY 2022,202221,all_ages,Moderna,173,"12,518,005",20,"3,119,705",103,"8,958,550",389,"8,351,536.05",1.382009354,0.641086257,1.149739634,4.65782579,4.051200508,3.370328701,7.265521203,2.155730745,1.169997743,0.390770569,1.173278911,6.370582472,5.444952788,16.30261586,5.429725543,2.994078461,1
death,MAY 2022,202221,all_ages,Pfizer,219,"13,777,839",22,"3,362,111",129,"10,489,900",389,"8,351,536.05",1.589509066,0.654350793,1.229754335,4.65782579,3.787606725,2.930354969,7.118239693,2.429139052,1.51685219,0.428698715,1.415245705,6.370582472,4.199870307,14.86027892,4.501396788,3.538270907,1
death,MAY 2022,202221,all_ages,all_types,407,"27,996,831",42,"6,691,644",252,"21,627,760",389,"8,351,536.05",1.45373596,0.627648452,1.165169208,4.65782579,3.997553107,3.204038365,7.421074286,2.316162742,1.334230555,0.402034471,1.298730147,6.370582472,4.774723867,15.84586134,4.905239542,3.318696909,1
death,JUN 2022,202222,50-64,all_types,41,"13,675,703",8,"2,185,530",20,"12,945,113",60,"5,736,606.05",0.299801773,0.366043934,0.154498458,1.045914596,6.769741318,3.488687166,2.857347159,0.81903221,,,,,,,,,1
death,JUN 2022,202222,65+,all_types,418,"13,749,635",51,"5,282,715",218,"8,535,993",366,"2,587,861",3.0400807,0.965412671,2.553891504,14.14295436,5.537805476,4.65216412,14.64964649,3.148996062,,,,,,,,,1
death,JUN 2022,202222,all_ages,Janssen,15,"1,652,372",0,"221,252",22,"2,148,949",426,"8,324,467.05",0.907785898,0,1.023756264,5.117444726,4.998694421,5.637281584,,,1.160640091,0,1.517015193,7.035628979,6.061852448,,4.637810492,,1
death,JUN 2022,202222,all_ages,Moderna,214,"12,249,212",33,"3,482,807",92,"8,890,458",426,"8,324,467.05",1.747051157,0.947511591,1.034817329,5.117444726,4.945263848,2.929189969,5.400931004,1.843830909,1.518098881,0.885096595,1.060666762,7.035628979,4.634499813,7.948995641,6.633213402,1.71517876,1
death,JUN 2022,202222,all_ages,Pfizer,229,"13,491,365",26,"3,749,872",124,"10,419,950",426,"8,324,467.05",1.697381992,0.693357,1.190024904,5.117444726,4.300283723,3.01490457,7.380677957,2.448063541,1.630947243,0.488196187,1.398843453,7.035628979,4.3138299,14.41147876,5.029604252,3.340761944,1
death,JUN 2022,202222,all_ages,all_types,459,"27,425,338",59,"7,468,245",238,"21,481,106",426,"8,324,467.05",1.673634797,0.790011576,1.107950401,5.117444726,4.618839185,3.057683035,6.477683218,2.118494018,1.55302299,0.640155307,1.251821159,7.035628979,4.530279993,10.99050325,5.620314795,2.426009709,1
death,JUN 2022,202223,50-64,all_types,30,"13,481,525",1,"2,469,120",36,"12,880,264",65,"5,718,976.05",0.222526754,0.0405003,0.279497377,1.136567096,4.066467846,5.107552572,28.06320548,5.494452593,,,,,,,,,1
death,JUN 2022,202223,65+,all_types,463,"13,380,177",67,"5,760,258",243,"8,461,151",364,"2,574,111",3.460342864,1.163142345,2.871949691,14.14080434,4.923764641,4.086532721,12.15741512,2.974995174,,,,,,,,,1
death,JUN 2022,202223,all_ages,Janssen,15,"1,636,518",0,"246,491",27,"2,140,443",429,"8,293,087.05",0.916580203,0,1.261421117,5.172983202,4.10091692,5.643786749,,,1.173351413,0,1.777824204,7.083839785,6.037270426,,3.984555823,,1
death,JUN 2022,202223,all_ages,Moderna,204,"11,988,135",21,"3,832,047",112,"8,827,615",429,"8,293,087.05",1.701682539,0.54800998,1.268745862,5.172983202,4.077241438,3.039922597,9.439578457,3.105203556,1.467541726,0.339905371,1.296979753,7.083839785,4.827010817,20.84062328,5.461796739,4.317500845,1
death,JUN 2022,202223,all_ages,Pfizer,273,"13,205,434",47,"4,135,624",140,"10,351,724",429,"8,293,087.05",2.067330767,1.136466952,1.35243173,5.172983202,3.824949597,2.502252317,4.551811379,1.819085689,1.99315173,0.78639994,1.591939169,7.083839785,3.554089575,9.007935303,4.449818136,2.534526807,1
death,JUN 2022,202223,all_ages,all_types,493,"26,861,702",68,"8,229,378",279,"21,341,415",429,"8,293,087.05",1.835326741,0.826307894,1.307317251,5.172983202,3.956945566,2.81856254,6.260357964,2.221117281,1.703288368,0.553922038,1.465112539,7.083839785,4.15891984,12.78851408,4.835014101,3.074960465,1
death,JUN 2022,202224,50-64,all_types,41,"13,340,975",3,"2,677,540",32,"12,830,633",75,"5,703,659.05",0.307323865,0.112043144,0.249403128,1.31494536,5.272369163,4.278695895,11.73606266,2.742906472,,,,,,,,,1
death,JUN 2022,202224,65+,all_types,443,"13,142,946",66,"6,072,070",268,"8,408,433",391,"2,563,334",3.370629386,1.086943991,3.187276393,15.25357211,4.785770114,4.525437347,14.03344812,3.101014784,,,,,,,,,1
death,JUN 2022,202224,all_ages,Janssen,19,"1,625,368",2,"264,531",29,"2,134,202",466,"8,266,993.05",1.168966043,0.756055056,1.358821705,5.63687422,4.148354563,4.82210262,7.455639871,1.546138782,1.547549449,0.86633412,1.966885572,7.689545624,4.968852936,8.875958413,3.909503294,1.786319404,1
death,JUN 2022,202224,all_ages,Moderna,221,"11,810,579",34,"4,073,714",128,"8,780,942",466,"8,266,993.05",1.871203774,0.83461922,1.457702374,5.63687422,3.866958249,3.012432049,6.753827478,2.241985003,1.63840221,0.590266301,1.497123074,7.689545624,4.693319855,13.02724823,5.136214756,2.775700065,1
death,JUN 2022,202224,all_ages,Pfizer,243,"13,016,885",33,"4,395,535",142,"10,302,368",466,"8,266,993.05",1.866806075,0.750761853,1.378323896,5.63687422,4.089658633,3.019528538,7.508205432,2.486548922,1.80852978,0.530401583,1.61502381,7.689545624,4.251821402,14.49759177,4.761258364,3.409736769,1
death,JUN 2022,202224,all_ages,all_types,484,"26,483,921",69,"8,749,610",300,"21,239,066",466,"8,266,993.05",1.827523953,0.788606578,1.412491491,5.63687422,3.990731453,3.08443247,7.147891456,2.317408965,1.708275948,0.557897912,1.592990845,7.689545624,4.501348644,13.78306937,4.827112251,3.06198663,1
death,JUN 2022,202225,50-64,all_types,54,"13,201,935",6,"2,888,417",38,"12,777,827",72,"5,689,090.05",0.409030949,0.207726239,0.297390159,1.265580249,4.255622493,3.094094107,6.092539175,1.969086577,,,,,,,,,1
death,JUN 2022,202225,65+,all_types,452,"12,905,220",67,"6,387,159",265,"8,353,128",388,"2,553,191",3.502458695,1.048979679,3.172464255,15.19666958,4.790178346,4.338857615,14.48709625,3.338919489,,,,,,,,,1
death,JUN 2022,202225,all_ages,Janssen,25,"1,613,903",4,"283,312",28,"2,127,676",460,"8,242,281.05",1.549039812,1.411871011,1.315989841,5.580979309,4.240898476,3.6028637,3.952896025,1.097153918,1.930850115,1.448017396,1.826994877,7.6367334,3.95511456,5.273923795,4.179942426,1.333444004,1
death,JUN 2022,202225,all_ages,Moderna,230,"11,633,560",29,"4,317,474",125,"8,731,696",460,"8,242,281.05",1.977038843,0.671689048,1.431566101,5.580979309,3.898513177,2.822898159,8.30887347,2.943384069,1.727743742,0.422755006,1.469959417,7.6367334,4.420061387,18.06420571,5.19520016,4.086867608,1
death,JUN 2022,202225,all_ages,Pfizer,251,"12,829,058",40,"4,658,402",149,"10,250,129",460,"8,242,281.05",1.956495948,0.85866355,1.453640242,5.580979309,3.839312608,2.852538138,6.499611294,2.27853616,1.907503879,0.668463564,1.705009963,7.6367334,4.003521819,11.42430763,4.478996349,2.853564473,1
death,JUN 2022,202225,all_ages,all_types,506,"26,107,155",73,"9,275,576",303,"21,130,955",460,"8,242,281.05",1.938165993,0.787013119,1.433915315,5.580979309,3.89212616,2.87951565,7.091342156,2.462685749,1.823758934,0.592459578,1.612257716,7.6367334,4.187359009,12.88988091,4.736670401,3.078284161,1
death,JUN 2022,202226,50-64,all_types,41,"13,090,408",1,"3,063,689",38,"12,731,122",76,"5,675,477.05",0.313206433,0.0326404,0.298481155,1.339094482,4.4863619,4.275437346,41.02569034,9.595671044,,,,,,,,,1
death,JUN 2022,202226,65+,all_types,497,"12,717,905",98,"6,642,380",298,"8,303,967",477,"2,543,694",3.907876337,1.47537479,3.588646246,18.75225558,5.225439983,4.798579577,12.71016402,2.648734655,,,,,,,,,1
death,JUN 2022,202226,all_ages,Janssen,12,"1,604,819",2,"299,099",30,"2,121,646",553,"8,219,171.05",0.747747877,0.66867492,1.413996491,6.728172423,4.758266703,8.997915783,10.06194822,1.118253211,0.979518064,0.770862501,2.054831306,9.302715529,9.497237332,12.06793107,4.52724051,1.270678056,1
death,JUN 2022,202226,all_ages,Moderna,254,"11,493,776",39,"4,515,757",154,"8,688,205",553,"8,219,171.05",2.209891684,0.863642574,1.772518029,6.728172423,3.795827356,3.044571131,7.790459415,2.558803549,1.91626382,0.546572479,1.82194604,9.302715529,4.854611057,17.02009501,5.105922636,3.505964703,1
death,JUN 2022,202226,all_ages,Pfizer,272,"12,679,503",58,"4,874,334",152,"10,203,849",553,"8,219,171.05",2.145194492,1.189906149,1.489633961,6.728172423,4.516661543,3.136392736,5.654372345,1.802826629,2.093620692,0.83617557,1.754068512,9.302715529,4.443362431,11.12531371,5.303507513,2.503805144,1
death,JUN 2022,202226,all_ages,all_types,538,"25,808,313",99,"9,706,069",336,"21,035,089",553,"8,219,171.05",2.08459964,1.019980385,1.597331012,6.728172423,4.212134099,3.227560963,6.596374322,2.043764439,1.957169223,0.692451091,1.803183708,9.302715529,4.753148281,13.43447307,5.159050342,2.826436769,1
death,JUL 2022,202227,50-64,all_types,42,"12,998,362",3,"3,214,300",54,"12,688,129",90,"5,662,756.05",0.323117636,0.093332919,0.425594664,1.589332106,3.734379775,4.918741442,17.02863396,3.461990057,,,,,,,,,1
death,JUL 2022,202227,65+,all_types,505,"12,562,977",103,"6,857,139",298,"8,260,183",492,"2,535,438",4.019747867,1.502084178,3.607668256,19.40493122,5.378801442,4.827400091,12.91867094,2.67611358,,,,,,,,,1
death,JUL 2022,202227,all_ages,Janssen,21,"1,597,345",4,"312,742",33,"2,116,089",582,"8,198,194.05",1.31468155,1.279009535,1.559480721,7.099124471,4.552236122,5.399881418,5.550485963,1.027890343,1.647817654,1.477091736,2.170491402,9.73700152,5.909028524,6.592008665,4.48608159,1.115582475,1
death,JUL 2022,202227,all_ages,Moderna,261,"11,378,625",50,"4,683,048",166,"8,649,101",582,"8,198,194.05",2.293774511,1.067680707,1.919274616,7.099124471,3.698858106,3.094953072,6.649108131,2.148371228,2.020045816,0.734240139,1.968851908,9.73700152,4.820188455,13.26133101,4.945522554,2.751205919,1
death,JUL 2022,202227,all_ages,Pfizer,263,"12,555,490",52,"5,058,357",153,"10,161,801",582,"8,198,194.05",2.094701202,1.02800178,1.505638617,7.099124471,4.7150255,3.389086932,6.905751147,2.037643556,2.044450445,0.727821844,1.761243694,9.73700152,4.762649808,13.37827602,5.528480557,2.808998469,1
death,JUL 2022,202227,all_ages,all_types,547,"25,561,339",106,"10,071,439",352,"20,948,312",582,"8,198,194.05",2.139950493,1.05248118,1.680326319,7.099124471,4.224848703,3.317424629,6.745131987,2.033243477,2.013710294,0.737601993,1.88086336,9.73700152,4.835353698,13.2008883,5.17687873,2.730077079,1
death,JUL 2022,202228,50-64,all_types,62,"12,919,864",11,"3,347,698",50,"12,647,150",93,"5,645,251.05",0.479881212,0.328584,0.395345987,1.647402377,4.166988995,3.43293785,5.013641494,1.460452159,,,,,,,,,1
death,JUL 2022,202228,65+,all_types,582,"12,436,089",115,"7,038,192",340,"8,220,228",518,"2,522,688",4.67992791,1.633942353,4.136138316,20.53365299,4.964450273,4.387600277,12.56693845,2.864194015,,,,,,,,,1
death,JUL 2022,202228,all_ages,Janssen,18,"1,591,331",1,"324,731",23,"2,110,715",611,"8,167,939.05",1.131128596,0.307947193,1.089678142,7.480467181,6.864840994,6.6132774,24.29139588,3.673125201,1.433022627,0.276299763,1.512774606,10.28471654,7.17693939,37.22303785,6.798578251,5.186477943,1
death,JUL 2022,202228,all_ages,Moderna,306,"11,282,653",61,"4,827,461",192,"8,611,845",611,"8,167,939.05",2.712128078,1.263604201,2.229487409,7.480467181,3.355240828,2.758154101,5.919944849,2.146343037,2.405902699,1.017946045,2.292331768,10.28471654,4.274784903,10.10340045,4.486574186,2.363487446,1
death,JUL 2022,202228,all_ages,Pfizer,319,"12,452,352",64,"5,216,090",173,"10,123,542",611,"8,167,939.05",2.561765038,1.226972694,1.708888055,7.480467181,4.377388652,2.920044215,6.096685947,2.087874531,2.50844157,0.885745547,2.014210775,10.28471654,4.100042297,11.61136691,5.106077608,2.832011493,1
death,JUL 2022,202228,all_ages,all_types,644,"25,355,953",126,"10,385,890",390,"20,867,378",611,"8,167,939.05",2.539837489,1.213184426,1.868945873,7.480467181,4.002506059,2.945254259,6.165976928,2.093529586,2.40070306,0.92556804,2.10613545,10.28471654,4.284043581,11.11178875,4.883217048,2.593761838,1
death,JUL 2022,202229,50-64,all_types,43,"12,853,731",4,"3,464,475",54,"12,609,197",104,"5,627,307.05",0.334533218,0.115457609,0.428258834,1.848130892,4.315453056,5.524506359,16.00700818,2.89745493,,,,,,,,,1
death,JUL 2022,202229,65+,all_types,589,"12,333,797",137,"7,188,226",315,"8,184,155",528,"2,509,757",4.775496143,1.905894445,3.848900711,21.03789331,5.465948563,4.405383793,11.03833078,2.50564566,,,,,,,,,1
death,JUL 2022,202229,all_ages,Janssen,19,"1,586,121",2,"334,929",33,"2,106,287",632,"8,137,064.05",1.197890955,0.597141484,1.566738056,7.766929154,4.957388457,6.483836546,13.00684907,2.006042099,1.625359712,0.69336545,2.107053961,10.62425115,6.536553768,15.32272938,5.042230216,2.344160229,1
death,JUL 2022,202229,all_ages,Moderna,296,"11,203,596",60,"4,950,328",162,"8,577,684",632,"8,137,064.05",2.642008869,1.212040899,1.888621684,7.766929154,4.112485428,2.939781635,6.408141144,2.179801747,2.32970827,0.802150423,1.945658609,10.62425115,4.560335424,13.24471178,5.460490913,2.90432842,1
death,JUL 2022,202229,all_ages,Pfizer,315,"12,368,382",78,"5,349,592",174,"10,088,159",632,"8,137,064.05",2.546816552,1.458055119,1.724794385,7.766929154,4.503104382,3.049661801,5.326910522,1.746721725,2.494167195,1.065751235,2.010083434,10.62425115,4.259638717,9.968790839,5.285477693,2.340290222,1
death,JUL 2022,202229,all_ages,all_types,632,"25,187,528",141,"10,652,701",369,"20,793,352",632,"8,137,064.05",2.509178352,1.323607975,1.774605653,7.766929154,4.376707097,3.095407366,5.867998154,1.895711116,2.365534116,0.934284265,1.992632786,10.62425115,4.491269469,11.37154028,5.331765705,2.531921177,1
death,JUL 2022,202230,50-64,all_types,51,"12,748,058",6,"3,646,337",32,"12,550,370",89,"5,612,165.05",0.400060935,0.164548696,0.254972563,1.585840744,6.219652532,3.963997997,9.637516303,2.431261648,,,,,,,,,1
death,JUL 2022,202230,65+,all_types,570,"12,170,016",126,"7,428,816",273,"8,125,089",494,"2,499,098",4.683642158,1.696098005,3.359963195,19.76713198,5.883139437,4.220461623,11.65447511,2.761421889,,,,,,,,,1
death,JUL 2022,202230,all_ages,Janssen,26,"1,576,998",1,"351,437",29,"2,099,508",583,"8,111,263.05",1.648702154,0.284546021,1.381275994,7.187536595,5.203548476,4.359511859,25.25966298,5.79414939,2.067234562,0.331737596,2.006746187,9.900753399,4.789371067,29.84513515,4.93373475,6.231535358,1
death,JUL 2022,202230,all_ages,Moderna,283,"11,077,811",58,"5,145,790",147,"8,522,849",583,"8,111,263.05",2.554656331,1.127134998,1.724775366,7.187536595,4.167230549,2.813504309,6.376819644,2.26650431,2.254376166,0.750143042,1.778648744,9.900753399,4.391792971,13.19848728,5.566446683,3.005261716,1
death,JUL 2022,202230,all_ages,Pfizer,312,"12,234,155",73,"5,559,668",128,"10,031,962",583,"8,111,263.05",2.55023743,1.313028044,1.275921898,7.187536595,5.633210468,2.818379384,5.474016055,1.942256634,2.505240397,0.998219139,1.519473204,9.900753399,3.952017303,9.918416716,6.515911811,2.50970984,1
death,JUL 2022,202230,all_ages,all_types,621,"24,918,074",132,"11,075,153",305,"20,675,459",583,"8,111,263.05",2.492166931,1.191857124,1.475178858,7.187536595,4.87231535,2.884051026,6.030535415,2.090994701,2.359085916,0.864977426,1.674988642,9.900753399,4.196860035,11.4462564,5.910937632,2.727338129,1
death,AUG 2022,202231,50-64,all_types,36,"12,612,282",5,"3,870,493",41,"12,484,060",76,"5,598,741.05",0.285436054,0.12918251,0.3284188,1.357448028,4.133283569,4.75569926,10.50798618,2.209556494,,,,,,,,,1
death,AUG 2022,202231,65+,all_types,489,"11,958,654",114,"7,732,749",315,"8,054,979",479,"2,490,275",4.089088956,1.474249326,3.91062472,19.23482346,4.91860632,4.703938621,13.04719841,2.77367531,,,,,,,,,1
death,AUG 2022,202231,all_ages,Janssen,22,"1,565,628",2,"371,509",29,"2,091,394",555,"8,089,016.05",1.405186928,0.538344966,1.386634943,6.861155876,4.948062149,4.882735342,12.74490579,2.610197953,1.875222679,0.554347957,1.978738585,9.533369821,5.083860133,17.19744738,4.817902625,3.382753839,1
death,AUG 2022,202231,all_ages,Moderna,249,"10,919,069",58,"5,386,563",145,"8,459,533",555,"8,089,016.05",2.2804142,1.076753395,1.714042607,6.861155876,4.00290859,3.008732306,6.372077306,2.117861165,2.005741087,0.764467725,1.772064476,9.533369821,4.753041098,12.47059819,5.379809792,2.623709312,1
death,AUG 2022,202231,all_ages,Pfizer,251,"12,057,621",59,"5,826,314",181,"9,967,069",555,"8,089,016.05",2.081671003,1.012647104,1.815980204,6.861155876,3.77821072,3.295984748,6.775465853,2.055672696,2.051388161,0.729709196,2.148089178,9.533369821,4.647277391,13.06461515,4.438069853,2.811240657,1
death,AUG 2022,202231,all_ages,all_types,525,"24,570,936",119,"11,603,242",356,"20,539,039",555,"8,089,016.05",2.13667074,1.025575438,1.7332846,6.861155876,3.958470453,3.211143274,6.690054792,2.083387199,2.02497376,0.744326558,1.966681394,9.533369821,4.707897954,12.80804738,4.847439881,2.720544818,1
death,AUG 2022,202232,50-64,all_types,50,"12,506,905",8,"4,042,114",36,"12,434,337",81,"5,587,091.05",0.399779162,0.197916239,0.289520865,1.449770538,5.007482069,3.626428479,7.325172238,2.019941184,,,,,,,,,1
death,AUG 2022,202232,65+,all_types,428,"11,784,240",103,"7,976,140",231,"8,004,045",456,"2,482,518",3.631969478,1.291351456,2.886040746,18.36844688,6.364583349,5.057434262,14.22420426,2.812533692,,,,,,,,,1
death,AUG 2022,202232,all_ages,Janssen,20,"1,556,028",3,"388,008",24,"2,085,051",537,"8,069,609.05",1.285323914,0.773179934,1.151050981,6.654597474,5.781322966,5.177369999,8.606790189,1.662386538,1.539543775,0.831627535,1.687504861,9.187247164,5.967512788,11.04730998,5.444278932,1.851241945,1
death,AUG 2022,202232,all_ages,Moderna,236,"10,788,355",50,"5,578,407",113,"8,412,974",537,"8,069,609.05",2.187543884,0.896313231,1.343163547,6.654597474,4.954420843,3.042040675,7.424410626,2.440602023,1.966165267,0.625336786,1.388358901,9.187247164,4.672672903,14.69167874,6.61734308,3.144170166,1
death,AUG 2022,202232,all_ages,Pfizer,221,"11,918,598",58,"6,032,447",130,"9,919,383",537,"8,069,609.05",1.854244937,0.961467212,1.310565385,6.654597474,5.077653927,3.588844893,6.921294236,1.928557639,1.832476462,0.749979965,1.536693109,9.187247164,5.013568989,12.24999012,5.978582911,2.44336722,1
death,AUG 2022,202232,all_ages,all_types,478,"24,291,145",111,"12,018,254",267,"20,438,382",537,"8,069,609.05",1.96779526,0.923595058,1.306365641,6.654597474,5.093977724,3.381752974,7.205102947,2.130582276,1.877967912,0.697980739,1.476996261,9.187247164,4.892121483,13.16260843,6.220223712,2.690572684,1
death,AUG 2022,202233,50-64,all_types,25,"12,438,146",6,"4,160,026",25,"12,398,240",55,"5,577,011.05",0.200994586,0.144229868,0.201641523,0.98619134,4.890814767,4.906556748,6.837636025,1.393571169,,,,,,,,,1
death,AUG 2022,202233,65+,all_types,391,"11,674,261",102,"8,133,519",216,"7,969,416",382,"2,475,943",3.349248402,1.254069733,2.710361713,15.42846503,5.692400745,4.606545464,12.30271701,2.670703482,,,,,,,,,1
death,AUG 2022,202233,all_ages,Janssen,15,"1,549,725",5,"399,741",17,"2,080,140",437,"8,052,954.05",0.967913662,1.250809899,0.817252685,5.426580076,6.640027223,5.606471205,4.338453092,0.77382955,1.247925362,1.39093511,1.242374306,7.5911262,6.082996976,5.457570338,6.110176428,0.897184457,1
death,AUG 2022,202233,all_ages,Moderna,199,"10,704,492",52,"5,705,033",115,"8,380,550",437,"8,052,954.05",1.859032638,0.911475885,1.372224973,5.426580076,3.95458484,2.919034322,5.953618925,2.039585105,1.639402294,0.655849725,1.420491479,7.5911262,4.630423068,11.57449018,5.344013895,2.499661481,1
death,AUG 2022,202233,all_ages,Pfizer,201,"11,830,280",51,"6,169,067",109,"9,886,028",437,"8,052,954.05",1.699029947,0.826705238,1.102566167,5.426580076,4.921772713,3.193928445,6.564105112,2.05518227,1.681771543,0.614678282,1.311277725,7.5911262,4.513767777,12.34975502,5.789106347,2.736019138,1
death,AUG 2022,202233,all_ages,all_types,416,"24,112,407",108,"12,293,545",241,"20,367,656",437,"8,052,954.05",1.725252896,0.87850982,1.183248578,5.426580076,4.586170798,3.14538239,6.177028367,1.963840195,1.640796366,0.651796763,1.348963184,7.5911262,4.626488915,11.64646196,5.627378339,2.517343534,1
death,AUG 2022,202234,50-64,all_types,23,"12,386,547",5,"4,251,763",28,"12,369,052",45,"5,567,785.05",0.185685325,0.117598276,0.226371431,0.808220856,3.570330642,4.352637227,6.872727064,1.578979985,,,,,,,,,1
death,AUG 2022,202234,65+,all_types,298,"11,592,472",84,"8,252,745",156,"7,941,855",319,"2,470,224",2.57063377,1.017843154,1.964276608,12.91380863,6.574333052,5.023589427,12.68742495,2.525569642,,,,,,,,,1
death,AUG 2022,202234,all_ages,Janssen,9,"1,544,962",0,"408,992",18,"2,076,168",364,"8,038,009.05",0.5825386,0,0.866981863,4.528484575,5.223274869,7.773707318,,,0.687955487,0,1.205042015,6.34451108,9.222269756,,5.264970849,,1
death,AUG 2022,202234,all_ages,Moderna,157,"10,641,418",45,"5,802,388",92,"8,354,411",364,"8,038,009.05",1.475367287,0.775542759,1.101214676,4.528484575,4.11226319,3.069394731,5.839116569,1.902367431,1.301243994,0.566711717,1.131764144,6.34451108,4.875727467,11.19530599,5.605859766,2.296130386,1
death,AUG 2022,202234,all_ages,Pfizer,154,"11,764,950",44,"6,273,163",74,"9,859,406",364,"8,038,009.05",1.308972839,0.701400553,0.750552315,4.528484575,6.033536215,3.459571078,6.456345883,1.866227268,1.297902336,0.526042197,0.904833231,6.34451108,4.888280809,12.06084059,7.011801583,2.467297003,1
death,AUG 2022,202234,all_ages,all_types,321,"23,979,019",89,"12,504,508",184,"20,310,907",364,"8,038,009.05",1.338670277,0.711743317,0.9059172,4.528484575,4.998784188,3.382822981,6.362524899,1.880832942,1.276402026,0.529310372,1.021173602,6.34451108,4.970621286,11.9863721,6.212960331,2.411443442,1
death,AUG 2022,202235,50-64,all_types,18,"12,342,873",1,"4,329,807",23,"12,344,457",58,"5,561,003.05",0.145833146,0.0230957,0.186318442,1.04297731,5.597821109,7.151853597,45.15890456,6.314293763,,,,,,,,,1
death,AUG 2022,202235,65+,all_types,300,"11,525,730",87,"8,351,910",160,"7,918,274",264,"2,466,793",2.602872009,1.041677892,2.020642377,10.70215458,5.296412022,4.11167147,10.27395768,2.498730202,,,,,,,,,1
death,AUG 2022,202235,all_ages,Janssen,12,"1,540,926",2,"416,990",18,"2,072,640",322,"8,027,796.05",0.778752516,0.479627809,0.868457619,4.011063535,4.618605958,5.15062674,8.362866917,1.623660059,1.061989644,0.559785369,1.130167739,5.460442178,5.141709439,9.754528226,4.831532513,1.897137196,1
death,AUG 2022,202235,all_ages,Moderna,164,"10,589,117",43,"5,883,855",70,"8,332,495",322,"8,027,796.05",1.54875992,0.730813387,0.840084513,4.011063535,4.774595264,2.589854943,5.488492147,2.119227628,1.371417027,0.498339872,0.869800492,5.460442178,3.981605939,10.95726528,6.277809945,2.751971301,1
death,AUG 2022,202235,all_ages,Pfizer,142,"11,711,013",43,"6,360,711",92,"9,836,658",322,"8,027,796.05",1.212533877,0.676025054,0.935277002,4.011063535,4.288636979,3.308001211,5.933306034,1.793622691,1.203163302,0.483568623,1.117770746,5.460442178,4.53840486,11.29196958,4.885118169,2.488092167,1
death,AUG 2022,202235,all_ages,all_types,318,"23,868,603",88,"12,681,717",183,"20,262,731",322,"8,027,796.05",1.332294144,0.693912346,0.90313591,4.011063535,4.441262373,3.010644123,5.780360525,1.919974692,1.269519207,0.488927418,1.025216137,5.460442178,4.301189102,11.16820612,5.326137565,2.596539201,1
